tournament_group_id,group_name,level,title,year,start_date,end_date,surface,in_outdoor,city,country,singles_draw_size,doubles_draw_size,prize_money,prize_money_currency,singles_champion,status
4948,AHMEDABAD,ITF,"WTT W15 - AHMEDABAD, INDIA",2026,2025-12-29,2026-01-04,Hard,O,,IND,32,16,15000,USD,Mariia Golovina,past
2742,MONASTIR,ITF,"WTT W15 - MONASTIR, TUNISIA",2026,2025-12-29,2026-01-04,Hard,O,,TUN,32,16,15000,USD,Lan Mi,past
4440,NAIROBI,ITF,"WTT W35 - NAIROBI, KENYA",2026,2025-12-29,2026-01-04,Clay,O,,KEN,32,16,30000,USD,Angella Okutoyi,past
2084,UNITED CUP,WTA 500,"United Cup - Australia, AUS",2026,2026-01-02,2026-01-11,Hard,O,PERTH + SYDNEY,AUS,0,0,5903345,USD,,past
800,BRISBANE,WTA 500,"Brisbane International - Brisbane, AUS",2026,2026-01-04,2026-01-11,Hard,O,BRISBANE,AUS,48,16,1691602,USD,Aryna Sabalenka,past
2096,CANBERRA 125,WTA 125,"Workday Canberra International - Canberra, AUS",2026,2026-01-05,2026-01-10,Hard,O,CANBERRA,AUS,32,16,225000,USD,Joanna Garland,past
2403,OSLO,ITF,"WTT W15 - OSLO, NORWAY",2026,2026-01-05,2026-01-11,Hard,I,,NOR,32,16,15000,USD,Katarina Kuzmova,past
4902,HURGHADA,ITF,"WTT W15 - HURGHADA, EGYPT",2026,2026-01-05,2026-01-11,Hard,O,,EGY,32,16,15000,USD,Daria Egorova,past
4949,CAYENNE,ITF,"WTT W15 - CAYENNE, FRANCE",2026,2026-01-05,2026-01-11,Hard,O,,FRA,32,16,15000,USD,Jasmijn Gimbrere,past
2927,MONASTIR 2,ITF,"WTT W15 - MONASTIR 2, TUNISIA",2026,2026-01-05,2026-01-11,Hard,O,,TUN,32,16,15000,USD,Carolyn Ansari,past
1049,AUCKLAND,WTA 250,"ASB Classic - Auckland, NZL",2026,2026-01-05,2026-01-11,Hard,O,AUCKLAND,NZL,32,16,283347,USD,Elina Svitolina,past
911,ANTALYA,ITF,"WTT W35 - ANTALYA, TURKEY",2026,2026-01-05,2026-01-11,Clay,O,,TUR,32,16,30000,USD,Andreea Prisacariu,past
734,NIAROBI 2,ITF,"WTT W35 - NAIROBI 2, KENYA",2026,2026-01-05,2026-01-11,Clay,O,,KEN,32,16,30000,USD,Angella Okutoyi,past
698,NONTHABURI,ITF,"WTT W75 - NONTHABURI, THAILAND",2026,2026-01-05,2026-01-11,Hard,O,,THA,32,16,60000,USD,Mananchaya Sawangkaew,past
2014,ADELAIDE,WTA 500,"Adelaide International - Adelaide, AUS",2026,2026-01-12,2026-01-17,Hard,O,ADELAIDE,AUS,30,16,1206446,USD,Mirra Andreeva,past
2347,MANCHESTER,ITF,"WTT W50 - MANCHESTER, GREAT BRITAIN",2026,2026-01-12,2026-01-18,Hard,I,,GBR,32,16,40000,USD,Celine Naef,past
174,BUENOS AIRES,ITF,"WTT W50 - BUENOS AIRES, ARGENTINA",2026,2026-01-12,2026-01-18,Clay,O,,ARG,32,16,40000,USD,Dalila Spiteri,past
4906,HURGHADA 2,ITF,"WTT W15 - HURGHADA 2, EGYPT",2026,2026-01-12,2026-01-18,Hard,O,,EGY,32,16,15000,USD,Daria Egorova,past
4950,BRADENTON,ITF,"WTT W35 - BRADENTON, FL, UNITED STATES",2026,2026-01-12,2026-01-18,Hard,O,,USA,32,16,30000,USD,Bianca Andreescu,past
2684,ANTALYA 2,ITF,"WTT W35 - ANTALYA 2, TURKEY",2026,2026-01-12,2026-01-18,Clay,O,,TUR,32,16,30000,USD,Darya Astakhova,past
1050,HOBART,WTA 250,"Hobart International - Hobart, AUS",2026,2026-01-12,2026-01-17,Hard,O,HOBART,AUS,32,16,283347,USD,Elisabetta Cocciaretto,past
3020,LE LAMENTIN (MARTINIQUE),ITF,"WTT W35 - LE LAMENTIN (MARTINIQUE), FRANCE",2026,2026-01-12,2026-01-18,Hard,O,,FRA,32,16,30000,USD,Kayla Day,past
4340,MONASTIR 3,ITF,"WTT W15 - MONASTIR 3, TUNISIA",2026,2026-01-12,2026-01-18,Hard,O,,TUN,32,16,15000,USD,Samira De Stefano,past
555,NONTHABURI 2,ITF,"WTT W75 - NONTHABURI 2, THAILAND",2026,2026-01-12,2026-01-18,Hard,O,,THA,32,16,60000,USD,Lisa Pigato,past
901,AUSTRALIAN OPEN,Grand Slam,"Australian Open - Melbourne, AUS",2026,2026-01-18,2026-02-01,Hard,O,MELBOURNE,AUS,128,64,31834276,USD,Elena Rybakina,past
89,ANTALYA 3,ITF,"WTT W15 - ANTALYA 3, TURKEY",2026,2026-01-19,2026-01-25,Clay,O,,TUR,32,16,15000,USD,,past
2301,MANAMA,ITF,"WTT W75 - MANAMA, BAHRAIN",2026,2026-01-19,2026-01-25,Hard,O,,BRN,32,16,60000,USD,Alina Korneeva,past
2726,PETIT-BOURG (GUADELOUPE),ITF,"WTT W35 - PETIT BOURG (GUADELOUPE), FRANCE",2026,2026-01-19,2026-01-25,Hard,O,,FRA,32,16,30000,USD,Margaux Rouvroy,past
4849,LEZNO,ITF,"WTT W75 - LESZNO, POLAND",2026,2026-01-19,2026-01-25,Hard,I,,POL,32,16,60000,USD,Mia Pohankova,past
4164,WESTON,ITF,"WTT W35 - WESTON, FL, UNITED STATES",2026,2026-01-19,2026-01-25,Clay,O,,USA,32,16,30000,USD,Akasha Urhobo,past
700,BUENOS AIRES 2,ITF,"WTT W35 - BUENOS AIRES 2, ARGENTINA",2026,2026-01-19,2026-01-25,Clay,O,,ARG,64,16,30000,USD,Carolina Alves,past
4342,MONASTIR 4,ITF,"WTT W50 - MONASTIR 4, TUNISIA",2026,2026-01-19,2026-01-25,Hard,O,,TUN,32,16,40000,USD,Anastasia Gasanova,past
2425,PORTO,ITF,"WTT W75 - PORTO, PORTUGAL",2026,2026-01-26,2026-02-01,Hard,I,,POR,32,16,60000,USD,Ayla Aksu,past
2500,SAN DIEGO,ITF,"WTT W100 - SAN DIEGO, CA, UNITED STATES",2026,2026-01-26,2026-02-01,Hard,O,,USA,32,16,100000,USD,Elvina Kalieva,past
2625,VERO BEACH,ITF,"WTT W75 - VERO BEACH, FL, USA",2026,2026-01-26,2026-02-01,Clay,O,,USA,32,16,60000,USD,Bianca Andreescu,past
1153,MANILA 125,WTA 125,"Philippine Women's Open - Manila, PHI",2026,2026-01-26,2026-01-31,Hard,O,MANILA,PHI,32,16,115000,USD,Camila Osorio,past
2727,ANTALYA 4,ITF,"WTT W15 - ANTALYA 4, TURKEY",2026,2026-01-26,2026-02-01,Clay,O,,TUR,32,16,15000,USD,Nina Vargova,past
2758,FUJAIRAH,ITF,"WTT W100 - FUJAIRAH, UNITED ARAB EMIRATES",2026,2026-01-26,2026-02-01,Hard,O,,UAE,32,16,100000,USD,Lilli Tagger,past
2944,SHARM ELSHEIKH,ITF,"WTT W15 - SHARM EL SHEIKH, EGYPT",2026,2026-01-26,2026-02-01,Hard,O,,EGY,32,16,15000,USD,Yufei Ren,past
857,BIRMINGHAM,ITF,"WTT W35 - BIRMINGHAM, GREAT BRITAIN",2026,2026-01-26,2026-02-01,Hard,I,,GBR,32,16,30000,USD,Elena Malygina,past
4346,MONASTIR 5,ITF,"WTT W50 - MONASTIR 5, TUNISIA",2026,2026-01-26,2026-02-01,Hard,O,,TUN,32,16,40000,USD,Han Shi,past
2050,CLUJ-NAPOCA,WTA 250,"Transylvania Open powered by Kaufland - Cluj-Napoca, ROU",2026,2026-02-01,2026-02-07,Hard,I,CLUJ-NAPOCA,ROU,32,16,283347,USD,Sorana Cirstea,past
2088,ABU DHABI,WTA 500,"Mubadala Abu Dhabi Open presented by Abu Dhabi Sports Council - Abu Dhabi, UAE",2026,2026-02-01,2026-02-07,Hard,O,ABU DHABI,UAE,28,16,1206446,USD,Sara Bejlek,past
1154,OSTRAVA,WTA 250,"Ostrava Open - Ostrava, CZE",2026,2026-02-01,2026-02-07,Hard,I,OSTRAVA,CZE,30,16,283347,USD,Katie Boulter,past
598,"ORLANDO, FL",ITF,"WTT W50 - ORLANDO, FL, USA",2026,2026-02-02,2026-02-08,Hard,O,,USA,32,16,40000,USD,Kayla Day,past
4349,MONASTIR 6,ITF,"WTT W15 - MONASTIR 6, TUNISIA",2026,2026-02-02,2026-02-08,Hard,O,,TUN,32,16,15000,USD,Weronika Falkowska,past
638,BRISBANE,ITF,"WTT W75 - BRISBANE, AUSTRALIA",2026,2026-02-02,2026-02-08,Hard,O,,AUS,32,16,60000,USD,Talia Gibson,past
2454,SHEFFIELD,ITF,"WTT W35 - SHEFFIELD, GREAT BRITAIN",2026,2026-02-02,2026-02-08,Hard,I,,GBR,32,16,30000,USD,Katarina Kuzmova,past
2730,ANTALYA 5,ITF,"WTT W15 - ANTALYA 5, TURKEY",2026,2026-02-02,2026-02-08,Clay,O,,TUR,32,16,15000,USD,Anastasia Zolotareva,past
1100,MUMBAI 125,WTA 125,"L&T Mumbai Open - Mumbai, IND",2026,2026-02-02,2026-02-08,Hard,O,MUMBAI,IND,32,8,115000,USD,Mananchaya Sawangkaew,past
2830,ANDRÉZIEUX-BOUTHÉON,ITF,"WTT W75 - ANDREZIEUX-BOUTHEON, FRANCE",2026,2026-02-02,2026-02-08,Hard,I,,FRA,32,16,60000,USD,Julia Avdeeva,past
2945,SHARM ELSHEIKH 2,ITF,"WTT W15 - SHARM EL SHEIKH 2, EGYPT",2026,2026-02-02,2026-02-08,Hard,O,,EGY,32,16,15000,USD,Ekaterina Perelygina,past
4486,PORTO 2,ITF,"WTT W50 - PORTO 2, PORTUGAL",2026,2026-02-02,2026-02-08,Hard,I,,POR,32,16,40000,USD,Fiona Crawley,past
1003,DOHA,WTA 1000,"Qatar TotalEnergies Open 2026 - Doha, Qatar",2026,2026-02-08,2026-02-14,Hard,O,DOHA,QAT,56,28,4088211,USD,Karolina Muchova,past
4351,MONASTIR 7,ITF,"WTT W15 - MONASTIR 7, TUNISIA",2026,2026-02-09,2026-02-15,Hard,O,,TUN,32,16,15000,USD,Weronika Falkowska,past
39,GRENOBLE,ITF,"WTT W50 - GRENOBLE, FRANCE",2026,2026-02-09,2026-02-15,Hard,I,,FRA,32,16,40000,USD,Celine Naef,past
78,PUNE,ITF,"WTT W75 - PUNE, INDIA",2026,2026-02-09,2026-02-15,Hard,O,,IND,32,16,60000,USD,Hanne Vandewinkel,past
1155,OEIRAS 125 INDOOR #1,WTA 125,"Oeiras 1 Jamor Indoor - Oeiras, POR",2026,2026-02-09,2026-02-15,Hard,I,OEIRAS,POR,32,16,115000,USD,Alina Korneeva,past
2734,ANTALYA 6,ITF,"WTT W35 - ANTALYA 6, TURKEY",2026,2026-02-09,2026-02-15,Clay,O,,TUR,32,16,30000,USD,Luisina Giovannini,past
754,PRAGUE,ITF,"WTT W75 - PRAGUE, CZECH REPUBLIC",2026,2026-02-09,2026-02-15,Hard,I,,CZE,32,16,60000,USD,Tereza Martincova,past
4252,MANACOR,ITF,"WTT W15 - MANACOR, SPAIN",2026,2026-02-09,2026-02-15,Hard,O,,ESP,32,16,15000,USD,Neus Torner Sensano,past
4848,BRISBANE 2,ITF,"WTT W75 - BRISBANE 2, AUSTRALIA",2026,2026-02-09,2026-02-15,Hard,O,,AUS,32,16,60000,USD,Emerson Jones,past
2957,SHARM EL SHEIKH 3,ITF,"WTT W15 - SHARM EL SHEIKH 3, EGYPT",2026,2026-02-09,2026-02-15,Hard,O,,EGY,32,16,15000,USD,Lamis Alhussein Abdel Aziz,past
718,DUBAI,WTA 1000,"Dubai Duty Free Tennis Championships - Dubai, UAE",2026,2026-02-15,2026-02-21,Hard,O,DUBAI,UAE,56,28,4088211,USD,Jessica Pegula,past
2051,MIDLAND 125,WTA 125,"Dow Tennis Classic - Midland, MI, USA",2026,2026-02-16,2026-02-22,Hard,I,MIDLAND,USA,32,16,115000,USD,Alina Charaeva,past
4353,MONASTIR 8,ITF,"WTT W15 - MONASTIR 8, TUNISIA",2026,2026-02-16,2026-02-22,Hard,O,,TUN,32,16,15000,USD,Han Shi,past
1157,LES SABLES D'OLONNE 125,WTA 125,"Open Arena Les Sables d'Olonne - Les Sables d'Olonne, FRA",2026,2026-02-16,2026-02-22,Hard,I,LES SABLES D'OLONNE,FRA,32,8,115000,USD,Dominika Salkova,past
1156,OEIRAS 125 INDOOR #2,WTA 125,"Oeiras 2 Jamor Indoor - Oeiras, POR",2026,2026-02-16,2026-02-22,Hard,I,OEIRAS,POR,32,16,115000,USD,Daria Snigur,past
4582,BENGALURU,ITF,"WTT W100 - BENGALURU, INDIA",2026,2026-02-16,2026-02-22,Hard,O,,IND,32,16,100000,USD,Hanne Vandewinkel,past
272,LAS VEGAS,ITF,"WTT W35 - LAS VEGAS, NEVADA, USA",2026,2026-02-16,2026-02-22,Hard,O,,USA,32,16,30000,USD,Kristina Liutova,past
4253,MANACOR 2,ITF,"WTT W15 - MANACOR 2, SPAIN",2026,2026-02-16,2026-02-22,Hard,O,,ESP,32,16,15000,USD,Laura Mair,past
2738,ANTALYA 7,ITF,"WTT W15 - ANTALYA 7, TURKEY",2026,2026-02-16,2026-02-22,Clay,O,,TUR,32,16,15000,USD,Tena Lukas,past
4787,MACON,ITF,"WTT W50 - MACON, FRANCE",2026,2026-02-16,2026-02-22,Hard,I,,FRA,32,16,40000,USD,Celine Naef,past
4847,PALM COAST,ITF,"WTT W15 - PALM COAST, FL, USA",2026,2026-02-16,2026-02-22,Hard,O,,USA,32,16,15000,USD,Sofia Johnson,past
4519,THE HAGUE,ITF,"WTT W35 - THE HAGUE, NETHERLANDS",2026,2026-02-16,2026-02-22,Hard,I,,NED,32,16,30000,USD,Veronika Podrez,past
3145,ALTENKIRCHEN,ITF,"WTT W75 - ALTENKIRCHEN, GERMANY",2026,2026-02-16,2026-02-22,Carpet,I,,GER,32,16,60000,USD,Noma Noha Akugue,past
2971,SHARM ELSHEIKH 4,ITF,"WTT W15- SHARM ELSHEIKH 4, EGYPT",2026,2026-02-16,2026-02-22,Hard,O,,EGY,32,16,15000,USD,Yufei Ren,past
4356,MONASTIR 9,ITF,"WTT W35 - MONASTIR 9, TUNISIA",2026,2026-02-23,2026-03-01,Hard,O,,TUN,32,16,30000,USD,Alisa Oktiabreva,past
2082,AUSTIN,WTA 250,"ATX Open - Austin, TX, USA",2026,2026-02-23,2026-03-01,Hard,O,AUSTIN,USA,32,16,283347,USD,Peyton Stearns,past
2085,MÉRIDA,WTA 500,"MÉRIDA OPEN - Mérida, MEX",2026,2026-02-23,2026-03-01,Hard,O,MÉRIDA,MEX,28,16,1206446,USD,Cristina Bucsa,past
4623,PORTO 3,ITF,"WTT W75 - PORTO 3, PORTUGAL",2026,2026-02-23,2026-03-01,Hard,I,,POR,32,16,60000,USD,Anouk Koevermans,past
2667,BURNIE,ITF,"WTT W35 - BURNIE, AUSTRALIA",2026,2026-02-23,2026-03-01,Hard,O,,AUS,32,16,30000,USD,Lizette Cabrera,past
4596,GURUGRAM,ITF,"WTT W15 - GURUGRAM, INDIA",2026,2026-02-23,2026-03-01,Hard,O,,IND,32,16,15000,USD,Zeel Desai,past
2710,TRNAVA,ITF,"WTT W75 - TRNAVA, SLOVAKIA",2026,2026-02-23,2026-03-01,Hard,I,,SVK,32,16,60000,USD,Laura Samson,past
2797,ANTALYA 8,ITF,"WTT W35 - ANTALYA 8, TURKEY",2026,2026-02-23,2026-03-01,Clay,O,,TUR,32,16,30000,USD,Alexandra Shubladze,past
2834,LEIMEN,ITF,"WTT W15 - LEIMEN, GERMANY",2026,2026-02-23,2026-03-01,Hard,I,,GER,32,16,15000,USD,Iva Primorac Pavicic,past
4501,MANACOR 3,ITF,"WTT W15 - MANACOR 3, SPAIN",2026,2026-02-23,2026-03-01,Hard,O,,ESP,32,16,15000,USD,Indianna Spink,past
2972,SHARM ELSHEIKH 5,ITF,"WTT W15- SHARM ELSHEIKH 5, EGYPT",2026,2026-02-23,2026-03-01,Hard,O,,EGY,32,16,15000,USD,Yuliya Hatouka,past
4381,ARCADIA,ITF,"WTT W35 - ARCADIA, CA, USA",2026,2026-02-23,2026-03-01,Hard,O,,USA,32,16,30000,USD,Akasha Urhobo,past
1124,ANTALYA 125 #1,WTA 125,"Megasaray Hotels Open - Antalya, TUR",2026,2026-02-24,2026-03-01,Clay,O,ANTALYA,TUR,32,16,115000,USD,Moyuka Uchijima,past
2974,SHARM ELSHEIKH 6,ITF,"WTT W15 - SHARM EL SHEIKH 6, EGYPT",2026,2026-03-02,2026-03-08,Hard,O,,EGY,32,16,15000,USD,Yuliya Hatouka,past
3757,HAGETMAU,ITF,"WTT W15 - HAGETMAU, FRANCE",2026,2026-03-02,2026-03-08,Hard,I,,FRA,32,16,15000,USD,Lidia Encheva,past
103,HELSINKI,ITF,"WTT W50 - HELSINKI, FINLAND",2026,2026-03-02,2026-03-09,Hard,I,,FIN,32,16,40000,USD,Noma Noha Akugue,past
4951,KALABURGAI,ITF,"WTT W35 - KALABURGAI, INDIA",2026,2026-03-02,2026-03-08,Hard,O,,IND,32,16,30000,USD,Vaishnavi Adkar,past
2850,HERAKLION,ITF,"WTT W35 - HERAKLION, GREECE",2026,2026-03-02,2026-03-08,Clay,O,,GRE,32,16,30000,USD,Ane Mintegi Del Olmo,past
2942,LAUNCESTON,ITF,"WTT W35 - LAUNCESTON, AUSTRALIA",2026,2026-03-02,2026-03-08,Hard,O,,AUS,32,16,30000,USD,Lizette Cabrera,past
3910,HUAMANTLA,ITF,"WTT W15 - HUAMANTLA, MEXICO",2026,2026-03-02,2026-03-08,Hard,O,,MEX,32,16,15000,USD,Gina Feistel,past
4360,MONASTIR 10,ITF,"WTT W35 - MONASTIR 10, TUNISIA",2026,2026-03-02,2026-03-08,Hard,O,,TUN,32,16,30000,USD,Aliona Falei,past
2802,ANTALYA 9,ITF,"WTT W15 - ANTALYA 9, TURKEY",2026,2026-03-02,2026-03-08,Clay,O,,TUR,32,16,15000,USD,,past
9876,TROIS-RIVIERES,ITF,"WTT W15 - TROIS-RIVIERES, CANADA",2026,2026-03-02,2026-03-08,Hard,I,,CAN,32,16,15000,USD,Ariana Arseneault,past
2802,ANTALYA 9,ITF,"WTT W15 - ANTALYA 9, TURKEY",2026,2026-03-02,2026-03-08,Clay,O,,TUR,32,16,15000,USD,,past
4951,KALABURGAI,ITF,"WTT W35 - KALABURGAI, INDIA",2026,2026-03-02,2026-03-08,Hard,O,,IND,32,16,30000,USD,Vaishnavi Adkar,past
1107,ANTALYA 125 #2,WTA 125,"Megasaray Hotels Open - Antalya, TUR",2026,2026-03-03,2026-03-08,Clay,O,ANTALYA,TUR,32,16,115000,USD,Anhelina Kalinina,past
609,INDIAN WELLS,WTA 1000,"BNP Paribas Open - Indian Wells, CA, USA",2026,2026-03-04,2026-03-15,Hard,O,INDIAN WELLS,USA,96,32,9415725,USD,Aryna Sabalenka,past
185,KYOTO,ITF,"WTT W75 - KYOTO, JAPAN",2026,2026-03-09,2026-03-15,Hard,I,,JPN,32,16,60000,USD,Hayu Kinoshita,past
5739,MAANSHAN 2,ITF,"WTT W15 - MAANSHAN 2, CHINA",2026,2026-03-09,2026-03-15,Hard,I,,CHN,32,16,15000,USD,Boyoung Jeong,past
4362,MONASTIR 11,ITF,"WTT W35 - MONASTIR 11, TUNISIA",2026,2026-03-09,2026-03-15,Hard,O,,TUN,32,16,30000,USD,Aliona Falei,past
3911,HUAMANTLA 2,ITF,"WTT W35 - HUAMANTLA 2, MEXICO",2026,2026-03-09,2026-03-15,Hard,O,,MEX,32,16,30000,USD,Valeriya Strakhova,past
2991,SHARM EL SHEIKH 7,ITF,"WTT W15 - SHARM EL SHEIKH 7, EGYPT",2026,2026-03-09,2026-03-15,Hard,O,,EGY,32,16,15000,USD,Ekaterina Tupitsyna,past
2954,HERAKLION 2,ITF,"WTT W50 - HERAKLION 2, GREECE",2026,2026-03-09,2026-03-15,Clay,O,,GRE,64,16,40000,USD,Irene Burillo,past
4952,VICTORIAVILLE,ITF,"WTT W15 - VICTORIAVILLE, CANADA",2026,2026-03-09,2026-03-15,Hard,I,,CAN,32,16,15000,USD,Esther Adeshina,past
2672,GONESSE,ITF,"WTT W15 - GONESSE, FRANCE",2026,2026-03-09,2026-03-15,Clay,I,,FRA,32,16,15000,USD,Maria Garcia Cid,past
4851,TIMARU,ITF,"WTT W35 - TIMARU, NEW ZEALAND",2026,2026-03-09,2026-03-15,Hard,O,,NZL,32,16,30000,USD,Kisa Yoshioka,past
1161,AUSTIN 125 #1,WTA 125,"Austin 125 - Austin, TX, USA",2026,2026-03-09,2026-03-14,Hard,O,AUSTIN,USA,32,8,115000,USD,Lanlana Tararudee,past
1125,ANTALYA 125 #3,WTA 125,"Megasaray Hotels Open - Antalya, TUR",2026,2026-03-10,2026-03-15,Clay,O,ANTALYA,TUR,32,16,115000,USD,Anhelina Kalinina,past
160,SANTIAGO,ITF,"WTT W15 - SANTIAGO, CHILE",2026,2026-03-16,2026-03-22,Clay,O,,CHI,32,16,15000,USD,Victoria Bosio,past
229,WODONGA,ITF,"WTT W15 - WODONGA, AUSTRALIA",2026,2026-03-16,2026-03-22,Grass,O,,AUS,32,16,15000,USD,Ha Eum Lee,past
372,LE HAVRE,ITF,"WTT W15 - LE HAVRE, FRANCE",2026,2026-03-16,2026-03-22,Clay,I,,FRA,32,16,15000,USD,Yelyzaveta Kotliar,past
4363,MONASTIR 12,ITF,"WTT W15 - MONASTIR 12, TUNISIA",2026,2026-03-16,2026-03-22,Hard,O,,TUN,32,16,15000,USD,Alicia Dudeney,past
618,MARIBOR,ITF,"WTT W75 - MARIBOR, SLOVENIA",2026,2026-03-16,2026-03-22,Hard,I,,SLO,32,16,60000,USD,Tatiana Prozorova,past
695,CHIHUAHUA,ITF,"WTT W50 - CHIHUAHUA, MEXICO",2026,2026-03-16,2026-03-22,Clay,O,,MEX,32,16,40000,USD,Julieta Pareja,past
2992,SHARM ELSHEIKH 8,ITF,"WTT W15 - SHARM EL SHEIKH 8, EGYPT",2026,2026-03-16,2026-03-22,Hard,O,,EGY,32,16,15000,USD,Sandra Samir,past
4953,SAN GREGORIO,ITF,"WTT W35 - SAN GREGORIO, ITALY",2026,2026-03-16,2026-03-22,Clay,O,,ITA,32,16,30000,USD,Lisa Pigato,past
2567,KOFU,ITF,"WTT W75 - KOFU, JAPAN",2026,2026-03-16,2026-03-22,Hard,O,,JPN,32,16,60000,USD,Sofia Costoulas,past
4857,MAANSHAN 3,ITF,"WTT W35 - MAANSHAN 3, CHINA",2026,2026-03-16,2026-03-22,Hard,I,,CHN,32,16,30000,USD,Xiyu Wang,past
2455,SABADELL,ITF,"WTT W35 - SABADELL, SPAIN",2026,2026-03-16,2026-03-22,Clay,O,,ESP,32,16,30000,USD,Katarina Zavatska,past
902,MIAMI,WTA 1000,"Miami Open presented by Itaú - Miami, FL, USA",2026,2026-03-17,2026-03-29,Hard,O,MIAMI,USA,96,32,9415725,USD,Aryna Sabalenka,past
4682,SWAN HILL,ITF,"WTT W15 - SWAN HILL, AUSTRALIA",2026,2026-03-23,2026-03-29,Grass,O,,AUS,32,16,15000,USD,Ashleigh Simes,past
4749,JUNIN,ITF,"WTT W35 - JUNIN, ARGENTINA",2026,2026-03-23,2026-03-29,Clay,O,,ARG,32,16,30000,USD,Luisina Giovannini,past
4598,NAGPUR,ITF,"WTT W15 - NAGPUR, INDIA",2026,2026-03-23,2026-03-29,Clay,O,,IND,32,16,15000,USD,Zhibek Kulambayeva,past
4365,MONASTIR 13,ITF,"WTT W15 - MONASTIR 13, TUNISIA",2026,2026-03-23,2026-03-29,Hard,O,,TUN,32,16,15000,USD,Alicia Dudeney,past
664,SANTIAGO 2,ITF,"WTT W15 - SANTIAGO 2, CHILE",2026,2026-03-23,2026-03-29,Clay,O,,CHI,32,16,15000,USD,Luciana Moyano,past
669,MURSKA SOBOTA,ITF,"WTT W75 - MURSKA SOBOTA, SLOVENIA",2026,2026-03-23,2026-03-29,Hard,I,,SLO,32,16,60000,USD,Daria Snigur,past
3036,CROISSY-BEAUBOURG,ITF,"WTT W50 - CROISSY-BEAUBOURG, FRANCE",2026,2026-03-23,2026-03-28,Hard,I,,FRA,32,16,40000,USD,Harmony Tan,past
2993,SHARM ELSHEIKH 9,ITF,"WTT W15 - SHARM EL SHEIKH 9, EGYPT",2026,2026-03-23,2026-03-29,Hard,O,,EGY,32,16,15000,USD,Selina Dal,past
4954,SAN GREGORIO 2,ITF,"WTT W35 - SAN GREGORIO 2, ITALY",2026,2026-03-23,2026-03-29,Clay,O,,ITA,32,16,30000,USD,Alice Tubello,past
1158,DUBROVNIK 125,WTA 125,"Dubrovnik Open - Dubrovnik, CRO",2026,2026-03-23,2026-03-29,Clay,O,DUBROVNIK,CRO,32,8,115000,USD,Andrea Lazaro Garcia,past
4860,MAANSHAN 4,ITF,"WTT W50 - MAANSHAN 4, CHINA",2026,2026-03-23,2026-03-29,Hard,I,,CHN,32,16,40000,USD,Xiyu Wang,past
4368,MONASTIR 14,ITF,"WTT W15 - MONASTIR 14, TUNISIA",2026,2026-03-30,2026-04-05,Hard,O,,TUN,32,16,15000,USD,Mara Guth,past
4260,LUAN,ITF,"WTT W100 - LUAN, CHINA",2026,2026-03-30,2026-04-05,Hard,O,,CHN,32,16,100000,USD,Xiaodi You,past
804,CHARLESTON,WTA 500,"Credit One Charleston Open - Charleston, SC, USA",2026,2026-03-30,2026-04-05,Clay,O,CHARLESTON,USA,48,16,2300000,USD,Jessica Pegula,past
894,BOGOTA,WTA 250,"Copa Colsanitas Colsubsidio - Bogota, COL",2026,2026-03-30,2026-04-05,Clay,O,BOGOTA,COL,32,16,283347,USD,Marie Bouzkova,past
3046,SANTA MARGHERITA DI PULA,ITF,"WTT W35 - SANTA MARGHERITA DI PULA, ITALY",2026,2026-03-30,2026-04-05,Clay,O,,ITA,32,16,30000,USD,Rositsa Dencheva,past
3032,SHARM EL SHEIKH 10,ITF,"WTT W15 - SHARM EL SHEIKH 10, EGYPT",2026,2026-03-30,2026-04-05,Hard,O,,EGY,32,16,15000,USD,Anna Siskova,past
987,JACKSON,ITF,"WTT W35 - JACKSON, MS, USA",2026,2026-03-30,2026-04-05,Clay,O,,USA,32,16,30000,USD,Sofia Johnson,past
4956,CH. SAMBHAJI NAGAR,ITF,"WTT W15 - CH. SAMBHAJI NAGAR, INDIA",2026,2026-03-30,2026-04-05,Clay,O,,IND,32,16,15000,USD,Elina Nepliy,past
4955,JUNIN 2,ITF,"WTT W35 - JUNIN 2, ARGENTINA",2026,2026-03-30,2026-04-05,Clay,O,,ARG,32,16,30000,USD,Luisina Giovannini,past
2353,NANTES,ITF,"WTT W50 - NANTES, FRANCE",2026,2026-03-30,2026-04-05,Hard,I,,FRA,32,16,40000,USD,Jeline Vandromme,past
4691,BUJUMBURA,ITF,"WTT W50- BUJUMBURA, BURUNDI",2026,2026-04-06,2026-04-12,Clay,O,,BUR,32,16,40000,USD,Darya Astakhova,past
324,BOCA RATON,ITF,"WTT W35 - BOCA RATON, FL, USA",2026,2026-04-06,2026-04-12,Clay,O,,USA,32,16,30000,USD,Kayla Day,past
4395,BONITA SPRINGS,ITF,"WTT W115 - BONITA SPRINGS, FL, USA",2026,2026-04-06,2026-04-12,Clay,O,,USA,32,16,15000,USD,Carson Tanguilig,past
4371,MONASTIR 15,ITF,"WTT W15 - MONASTIR 15, TUNISIA",2026,2026-04-06,2026-04-12,Hard,O,,TUN,32,16,15000,USD,Daria Yesypchuk,past
528,LINZ,WTA 500,"Upper Austria Ladies Linz - Linz, AUT",2026,2026-04-06,2026-04-12,Clay,I,LINZ,AUT,28,16,1206446,USD,Mirra Andreeva,past
562,OSAKA,ITF,"WTT W35 - OSAKA, JAPAN",2026,2026-04-06,2026-04-12,Hard,O,,JPN,32,16,30000,USD,Kyoka Okamura,past
773,CALVI,ITF,"WTT W75 - CALVI, FRANCE",2026,2026-04-06,2026-04-12,Hard,O,,FRA,32,16,60000,USD,Jeline Vandromme,past
3155,ANNING,ITF,"WTT W35 - ANNING, CHINA",2026,2026-04-06,2026-04-12,Clay,O,,CHN,32,16,30000,USD,Anastasia Zolotareva,past
3048,SANTA MARGHERITA DI PULA 2,ITF,"WTT W35 - SANTA MARGHERITA DI PULA 2, ITALY",2026,2026-04-06,2026-04-12,Clay,O,,ITA,32,16,30000,USD,Tyra Caterina Grant,past
3033,SHARM EL SHEIKH 11,ITF,"WTT W15 - SHARM EL SHEIKH 11, EGYPT",2026,2026-04-06,2026-04-12,Hard,O,,EGY,32,16,15000,USD,Katarina Kuzmova,past
1164,MADRID 125,WTA 125,"Grand Prix Open Villa de Madrid by Silverway - Madrid, ESP",2026,2026-04-06,2026-04-12,Clay,O,MADRID,ESP,32,16,115000,USD,Lisa Pigato,past
4694,ZEPHYRHILLS,ITF,"WTT W35 - ZEPHYRHILLS, FL, USA",2026,2026-04-13,2026-04-19,Clay,O,,USA,32,16,30000,USD,Akasha Urhobo,past
4692,BUJUMBURA 2,ITF,"WTT W50 - BUJUMBURA 2, BURUNDI",2026,2026-04-13,2026-04-19,Clay,O,,BUR,32,16,40000,USD,Alice Tubello,past
200,PRETORIA,ITF,"WTT W15 - PRETORIA, SOUTH AFRICA",2026,2026-04-13,2026-04-19,Hard,O,,RSA,32,16,15000,USD,Lan Mi,past
4372,MONASTIR 16,ITF,"WTT W15 - MONASTIR 16, TUNISIA",2026,2026-04-13,2026-04-19,Hard,O,,TUN,32,16,15000,USD,Adithya Karunaratne,past
4322,LUZHOU,ITF,"WTT W35 - LUZHOU, CHINA",2026,2026-04-13,2026-04-19,Clay,O,,CHN,32,16,30000,USD,Zhuoxuan Bai,past
721,SINGAPORE,ITF,"WTT W15 - SINGAPORE, SINGAPORE",2026,2026-04-13,2026-04-19,Hard,I,,SGP,32,16,15000,USD,Valentina Ivanov,past
4255,ORLANDO 2,ITF,"WTT W15 - ORLANDO, FLORIDA 2, USA",2026,2026-04-13,2026-04-19,Clay,O,,USA,32,16,15000,USD,Margaux Maquet,past
3083,SANTA MARGHERITA DI PULA 3,ITF,"WTT W35 - SANTA MARGHERITA DI PULA 3, ITALY",2026,2026-04-13,2026-04-19,Clay,O,,ITA,32,16,30000,USD,Samira De Stefano,past
3034,SHARM ELSHEIKH 12,ITF,"WTT W15 - SHARM EL SHEIKH 12, EGYPT",2026,2026-04-13,2026-04-19,Hard,O,,EGY,32,16,15000,USD,Lamis Alhussein Abdel Aziz,past
1051,STUTTGART,WTA 500,"Porsche Tennis Grand Prix - Stuttgart, GER",2026,2026-04-13,2026-04-19,Clay,I,STUTTGART,GER,28,16,1206446,USD,Elena Rybakina,past
1106,OEIRAS 125,WTA 125,"Oeiras Jamor Ladies Open - Oeiras, POR",2026,2026-04-13,2026-04-19,Clay,O,OEIRAS,POR,32,16,225000,USD,Maja Chwalinska,past
4859,PORTOROZ,ITF,"WTT W75 - PORTOROZ, SLOVENIA",2026,2026-04-13,2026-04-19,Clay,O,,SLO,32,16,60000,USD,Sara Sorribes Tormo,past
2468,MIYAZAKI,ITF,"WTT W35 - MIYAZAKI, JAPAN",2026,2026-04-13,2026-04-19,Clay,O,,JPN,32,16,30000,USD,Hayu Kinoshita,past
2066,ROUEN,WTA 250,"Open Capfinances Rouen Métropole - Rouen, FRA",2026,2026-04-13,2026-04-19,Clay,I,ROUEN,FRA,32,16,283347,USD,Marta Kostyuk,past
27,CHARLOTTESVILLE,ITF,"WTT W100 - CHARLOTTESVILLE, VA, USA",2026,2026-04-20,2026-04-26,Clay,O,,USA,32,16,100000,USD,Renata Zarazua,past
4608,ORLANDO 3,ITF,"WTT W15 - ORLANDO, FLORIDA 3, USA",2026,2026-04-20,2026-04-26,Clay,O,,USA,32,16,15000,USD,Welles Newman,past
4488,MONASTIR 17,ITF,"WTT W15 - MONASTIR 17, TUNISIA",2026,2026-04-20,2026-04-26,Hard,O,,TUN,32,16,15000,USD,Elena Milovanovic,past
4373,SINGAPORE 2,ITF,"WTT W15 - SINGAPORE 2, SINGAPORE",2026,2026-04-20,2026-04-26,Hard,I,,SGP,32,16,15000,USD,Rinko Matsuda,past
4321,BAOTOU,ITF,"WTT W50 - BAOTOU, CHINA",2026,2026-04-20,2026-04-26,Clay,I,,CHN,32,16,40000,USD,Xiyu Wang,past
4815,ROEHAMPTON 3,ITF,"WTT W50 - ROEHAMPTON, GREAT BRITAIN",2026,2026-04-20,2026-04-26,Hard,O,,GBR,32,16,40000,USD,Vendula Valdmannova,past
3090,SANTA MARGHERITA DI PULA 5,ITF,"WTT W35 - SANTA MARGHERITA DI PULA 4, ITALY",2026,2026-04-20,2026-04-26,Clay,O,,ITA,32,16,30000,USD,Tara Wuerth,past
3037,SHARM ELSHEIKH 13,ITF,"WTT W35 - SHARM EL SHEIKH 13, EGYPT",2026,2026-04-20,2026-04-26,Hard,O,,EGY,32,16,30000,USD,Stephanie Visscher,past
2844,CHIASSO,ITF,"WTT W75 - CHIASSO, SWITZERLAND",2026,2026-04-20,2026-04-26,Clay,O,,SUI,32,16,60000,USD,Maria Timofeeva,past
2743,PRETORIA 2,ITF,"WTT W15 - PRETORIA 2, SOUTH AFRICA",2026,2026-04-20,2026-04-26,Hard,O,,RSA,32,16,15000,USD,Ksenia Smirnova,past
2230,TOKYO,ITF,"WTT W100 - TOKYO, JAPAN",2026,2026-04-20,2026-04-26,Hard,O,,JPN,32,16,100000,USD,Taylah Preston,past
1159,OEIRAS 125 OUTDOOR #2,WTA 125,"Oeiras Open CETO - Oeiras, POR",2026,2026-04-20,2026-04-26,Clay,O,OEIRAS,POR,32,16,115000,USD,Fiona Ferro,past
4958,PANIPAT,ITF,"WTT W15 - PANIPAT, INDIA",2026,2026-04-20,2026-04-26,Hard,O,,IND,32,16,15000,USD,Michika Ozeki,past
4957,MIYAZAKI 2,ITF,"WTT W35 - MIYAZAKI 2, JAPAN",2026,2026-04-20,2026-04-26,Hard,O,,JPN,32,16,30000,USD,Hanna Chang,past
349,CHARLOTTE,ITF,"WTT W35 - CHARLOTTE, NC, USA",2026,2026-04-20,2026-04-26,Hard,O,,USA,32,16,30000,USD,Amelia Honer,past
1038,MADRID,WTA 1000,"Mutua Madrid Open - Madrid, ESP",2026,2026-04-21,2026-05-03,Clay,O,MADRID,ESP,96,32,8235540,USD,Marta Kostyuk,past
4687,BOCA RATON 2,ITF,"WTT W35 - BOCA RATON 2, FLORIDA",2026,2026-04-27,2026-05-03,Clay,O,,USA,32,16,30000,USD,Amelia Honer,past
4877,LUAN 2,ITF,"WTT W15 - LUAN 2, CHINA",2026,2026-04-27,2026-05-03,Hard,O,,CHN,32,16,15000,USD,Jiayi Wang,past
4911,HURGHADA 3,ITF,"WTT W15 - HURGHADA 3, EGYPT",2026,2026-04-27,2026-05-03,Hard,O,,EGY,32,16,15000,USD,Ekaterina Tupitsyna,past
4853,OEGSTGEEST,ITF,"WTT W15 - OEGSTGEEST, NETHERLANDS",2026,2026-04-27,2026-05-03,Clay,O,,NED,32,16,15000,USD,Denisa Zoldakova,past
2632,GOYANG,ITF,"WTT W35 - GOYANG, KOREA",2026,2026-04-27,2026-05-03,Hard,O,,KOR,32,16,30000,USD,Sohyun Park,past
4792,LOPOTA,ITF,"WTT W75 - LOPOTA, GEORGIA",2026,2026-04-27,2026-05-02,Hard,O,,GEO,32,16,60000,USD,Alexandra Shubladze,past
2680,WIESBADEN,ITF,"WTT W100 - WIESBADEN, GERMANY",2026,2026-04-27,2026-05-03,Clay,O,,GER,32,16,100000,USD,Noma Noha Akugue,past
1142,HUZHOU 125,WTA 125,"2026 Huzhou Open · HuzhouWuxing - Huzhou, CHN",2026,2026-04-27,2026-05-03,Clay,O,HUZHOU,CHN,32,16,115000,USD,Katarzyna Kawa,past
593,NOTTINGHAM,ITF,"WTT W35 - NOTTINGHAM, GREAT BRITAIN",2026,2026-04-27,2026-05-03,Hard,O,,GBR,32,16,30000,USD,Yuriko Lily Miyazaki,past
873,GIFU,ITF,"WTT W100 - GIFU, JAPAN",2026,2026-04-27,2026-05-03,Hard,O,,JPN,32,16,100000,USD,Mananchaya Sawangkaew,past
3089,SANTA MARGHERITA DI PULA 4,ITF,"WTT W35 - SANTA MARGHERITA DI PULA 5, ITALY",2026,2026-04-27,2026-05-03,Clay,O,,ITA,32,16,30000,USD,Giorgia Pedone,past
4687,BOCA RATON 2,ITF,"WTT W35 - BOCA RATON 2, FLORIDA",2026,2026-04-27,2026-05-03,Clay,O,,USA,32,16,30000,USD,Amelia Honer,past
4792,LOPOTA,ITF,"WTT W75 - LOPOTA, GEORGIA",2026,2026-04-27,2026-05-02,Hard,O,,GEO,32,16,60000,USD,Alexandra Shubladze,past
4853,OEGSTGEEST,ITF,"WTT W15 - OEGSTGEEST, NETHERLANDS",2026,2026-04-27,2026-05-03,Clay,O,,NED,32,16,15000,USD,Denisa Zoldakova,past
4876,NAKHON PATHOM,ITF,"WTT W15 - NAKHON PATHOM, THAILAND",2026,2026-04-27,2026-05-03,Hard,O,,THA,32,16,15000,USD,Gyeong Seo Lee,past
4877,LUAN 2,ITF,"WTT W15 - LUAN 2, CHINA",2026,2026-04-27,2026-05-03,Hard,O,,CHN,32,16,15000,USD,Jiayi Wang,past
4911,HURGHADA 3,ITF,"WTT W15 - HURGHADA 3, EGYPT",2026,2026-04-27,2026-05-03,Hard,O,,EGY,32,16,15000,USD,Ekaterina Tupitsyna,past
4959,BONITA SPRINGS 2,ITF,"WTT W100 - BONITA SPRINGS 2, FL, USA",2026,2026-04-27,2026-05-03,Clay,O,,USA,32,16,100000,USD,Angela Fita Boluda,past
4960,MBOMBELA,ITF,"WTT W15 - MBOMBELA, SOUTH AFRICA",2026,2026-04-27,2026-05-03,Hard,O,,RSA,32,16,15000,USD,Dune Vaissaud,past
330,FUKUOKA,ITF,"WTT W35 - FUKUOKA, JAPAN",2026,2026-05-04,2026-05-10,Carpet,O,,JPN,32,16,30000,USD,Katie Swan,past
488,BEOGRAD,ITF,WTT W15 - BEOGRAD SERBIA,2026,2026-05-04,2026-05-10,Clay,O,,SRB,32,16,15000,USD,Nina Vargova,past
636,NOTTINGHAM 2,ITF,"WTT W35 - NOTTINGHAM 2, GREAT BRITAIN",2026,2026-05-04,2026-05-10,Hard,O,,GBR,32,16,30000,USD,Alicia Dudeney,past
935,SAINT GAUDENS,ITF,"WTT W75 - SAINT GAUDENS, FRANCE",2026,2026-05-04,2026-05-10,Clay,O,,FRA,32,16,60000,USD,Kaitlin Quevedo,past
1160,ISTANBUL 125,WTA 125,"Istanbul Open - Istanbul, TUR",2026,2026-05-04,2026-05-10,Clay,O,ISTANBUL,TUR,32,16,115000,USD,Maria Timofeeva,past
1165,JIUJIANG 125,WTA 125,"Jiangxi Open - Jiujiang, CHN",2026,2026-05-04,2026-05-10,Hard,O,JIUJIANG,CHN,32,16,115000,USD,En-Shuo Liang,past
2263,CHANGWON,ITF,"WTT W35 - CHANGWON, KOREA",2026,2026-05-04,2026-05-10,Hard,O,,KOR,32,16,30000,USD,Hanna Chang,past
2458,INDIAN HARBOUR BEACH,ITF,"WTT W100 - INDIAN HARBOUR BEACH, FLORIDA",2026,2026-05-04,2026-05-10,Clay,O,,USA,32,16,100000,USD,Kristina Liutova,past
3151,SANTA MARGHERITA DI PULA 6,ITF,"WTT W35 - SANTA MARGHERITA DI PULA 6, ITALY",2026,2026-05-04,2026-05-10,Clay,O,,ITA,32,16,30000,USD,Verena Meliss,past
4493,MONASTIR 19,ITF,"WTT W35 - MONASTIR 19, TUNISIA",2026,2026-05-04,2026-05-10,Hard,O,,TUN,32,16,30000,USD,Victoria Milovanova,past
4693,BOCA RATON 3,ITF,"WTT W35 - BOCA RATON 3, FLORIDA",2026,2026-05-04,2026-05-10,Clay,O,,USA,32,16,30000,USD,Justina Gonzalez Daniele,past
4722,NAKHON SI THAMMARAT 2,ITF,"WTT W15 - NAKHON PATHOM 2, THAILAND",2026,2026-05-04,2026-05-10,Hard,O,,THA,32,16,15000,USD,Patcharin Cheapchandej,past
4794,LOPOTA 2,ITF,"WTT W50 - LOPOTA 2, GEORGIA",2026,2026-05-04,2026-05-10,Hard,O,,GEO,32,16,40000,USD,Vendula Valdmannova,past
4854,KALMAR,ITF,"WTT W15 - KALMAR, SWEDEN",2026,2026-05-04,2026-05-10,Clay,O,,SWE,32,16,15000,USD,Sara Dahlstrom,past
4855,PLATJA D'ARO,ITF,"WTT W35 - PLATJA D'ARO, SPAIN",2026,2026-05-04,2026-05-10,Clay,O,,ESP,32,16,30000,USD,Ane Mintegi Del Olmo,past
4879,LUAN 3,ITF,"WTT W15 - LUAN 3, CHINA",2026,2026-05-04,2026-05-10,Hard,O,,CHN,32,16,15000,USD,Tiana Tian Deng,past
4961,TUMKUR,ITF,"WTT W35 - TUMKUR, INDIA",2026,2026-05-04,2026-05-10,Hard,O,,IND,32,16,30000,USD,Justina Mikulskyte,past
4962,MBOMBELA 2,ITF,"WTT W15 - MBOMBELA, SOUTH AFRICA 2",2026,2026-05-04,2026-05-10,Hard,O,,RSA,32,16,15000,USD,Ann Akasha Ceuca,past
4963,HURGHADA 4,ITF,"WTT W15 - HURGHADA 4, EGYPT",2026,2026-05-04,2026-05-10,Hard,O,,EGY,32,16,15000,USD,Ekaterina Tupitsyna,past
4964,REICHSTETT,ITF,"WTT W15 - REICHSTETT, FRANCE",2026,2026-05-04,2026-05-10,Clay,O,,FRA,32,16,15000,USD,Valentina  Steiner,past
709,ROME,WTA 1000,"Internazionali BNL d'Italia - Rome, ITA",2026,2026-05-05,2026-05-17,Clay,O,ROME,ITA,96,32,8312293,USD,Elina Svitolina,past
253,ZAGREB,ITF,"WTT W75 - ZAGREB, CROATIA",2026,2026-05-11,2026-05-16,Clay,O,,CRO,32,16,60000,USD,Erika Andreeva,past
409,BASTAD,ITF,"WTT W35 - BASTAD, SWEDEN",2026,2026-05-11,2026-05-17,Clay,O,,SWE,32,16,30000,USD,Britt Du Pree,past
552,KLAGENFURT,ITF,"WTT W15 - KLAGENFURT, AUSTRIA",2026,2026-05-11,2026-05-16,Clay,O,,AUT,32,16,15000,USD,Pia Lovric,past
591,GABORONE,ITF,"WTT W15 - GABORONE, BOTSWANA",2026,2026-05-11,2026-05-17,Hard,O,,BOT,32,16,15000,USD,Lan Mi,past
910,BUCHAREST,ITF,"WTT W15 - BUCHAREST, ROMANIA",2026,2026-05-11,2026-05-17,Clay,O,,ROU,32,16,15000,USD,Felitsata Dorofeeva-Rybas,past
2041,PARMA 125,WTA 125,"Parma Ladies Open presented by Iren - Parma, ITA",2026,2026-05-11,2026-05-16,Clay,O,PARMA,ITA,32,16,115000,USD,Dayana Yastremska,past
2057,PARIS 125,WTA 125,"Trophée Clarins  - Paris, FRA",2026,2026-05-11,2026-05-17,Clay,O,PARIS,FRA,32,8,115000,USD,Diane Parry,past
2253,MONZON,ITF,"WTT W15 - MONZON, SPAIN",2026,2026-05-11,2026-05-17,Hard,O,,ESP,32,16,15000,USD,Shannon Lam,past
2410,KURUME,ITF,"WTT W75 - KURUME, JAPAN",2026,2026-05-11,2026-05-17,Carpet,O,,JPN,32,16,60000,USD,Katie Swan,past
2862,BETHANY BEACH,ITF,"WTT W35 - BETHANY BEACH, DE, USA",2026,2026-05-11,2026-05-17,Clay,O,,USA,32,16,30000,USD,Eryn Cayetano,past
4494,MONASTIR 20,ITF,"WTT W35 - MONASTIR 20, TUNISIA",2026,2026-05-11,2026-05-17,Hard,O,,TUN,32,16,30000,USD,Elena Milovanovic,past
4695,"KURSUMLIJSKA BANJA,",ITF,"WTT W15- KURSUMLIJSKA BANJA, SERBIA",2026,2026-05-11,2026-05-17,Clay,O,,SRB,32,16,15000,USD,Marie Mettraux,past
4702,TRNAVA 3,ITF,"WTT W75 - TRNAVA 3, SLOVAKIA",2026,2026-05-11,2026-05-17,Clay,O,,SLO,32,16,60000,USD,Claire Liu,past
4796,TOYAMA,ITF,"WTT W15 - TOYAMA, JAPAN",2026,2026-05-11,2026-05-17,Hard,O,,JPN,32,16,15000,USD,Kanon Sawashiro,past
4862,ANDONG,ITF,"WTT W35 - ANDONG, KOREA",2026,2026-05-11,2026-05-17,Hard,O,,KOR,32,16,30000,USD,Dayeon Back,past
4881,NAKHON PATHOM,ITF,"WTT W15 - NAKHON PATHOM 3, THAILAND",2026,2026-05-11,2026-05-17,Hard,O,,THA,32,16,15000,USD,Gyeong Seo Lee,past
4883,LUAN 4,ITF,"WTT W15 - LUAN 4, CHINA",2026,2026-05-11,2026-05-17,Hard,O,,CHN,32,16,15000,USD,Alina Trynkina,past
4965,HURGHADA 5,ITF,"WTT W35 - HURGHADA 5, EGYPT",2026,2026-05-11,2026-05-17,Hard,O,,EGY,32,16,30000,USD,Camilla Zanolini,past
406,STRASBOURG,WTA 500,"Internationaux de Strasbourg presented by Mammotion - Strasbourg, FRA",2026,2026-05-17,2026-05-23,Clay,O,STRASBOURG,FRA,28,16,1206446,USD,Emma Navarro,past
155,BOL,ITF,"WTT W35 - BOL, CROATIA",2026,2026-05-18,2026-05-24,Clay,O,,CRO,32,16,30000,USD,,past
885,GRADO,ITF,"WTT W15 - GRADO, ITALY",2026,2026-05-18,2026-05-24,Clay,O,,ITA,32,16,15000,USD,Sofia Rocchetti,past
1005,RABAT,WTA 250,"Grand Prix Son Altesse Royale La Princesse Lalla Meryem - Rabat, MAR",2026,2026-05-18,2026-05-23,Clay,O,RABAT,MAR,32,16,283347,USD,Petra Marcinko,past
2350,PELHAM,ITF,"WTT W50 - PELHAM, ALABAMA",2026,2026-05-18,2026-05-24,Clay,O,,USA,32,16,40000,USD,Madison Brengle,past
4495,MONASTIR 21,ITF,"WTT W15 - MONASTIR 21, TUNISIA",2026,2026-05-18,2026-05-24,Hard,O,,TUN,32,16,15000,USD,Laia Petretic,past
4697,KURSUMLIJSKA BANJA 2,ITF,"WTT W15 - KURSUMLIJSKA BANJA 2, SERBIA",2026,2026-05-18,2026-05-24,Clay,O,,SRB,32,16,15000,USD,Marie Mettraux,past
4778,TAKASAKI,ITF,"WTT W100 - TAKASAKI, JAPAN",2026,2026-05-18,2026-05-24,Hard,O,,JPN,32,16,100000,USD,Yuki Naito,past
4793,WUNING,ITF,"WTT W35 - WUNING, CHINA",2026,2026-05-18,2026-05-24,Hard,O,,CHN,32,16,30000,USD,Alexandra Shubladze,past
4797,ESTEPONA MALAGA,ITF,"WTT W35 - ESTEPONA, SPAIN",2026,2026-05-18,2026-05-24,Hard,O,,ESP,32,16,30000,USD,Alicia Dudeney,past
4837,KAYSERI,ITF,"WTT W15 - KAYSERI, TURKIYE",2026,2026-05-18,2026-05-24,Hard,O,,TUR,32,16,15000,USD,Alana Subasic,past
4966,KOSICE,ITF,"WTT W75 - KOSICE, SLOVAKIA",2026,2026-05-18,2026-05-24,Clay,O,,SVK,32,16,60000,USD,Tyra Caterina Grant,past
4967,PORTOROZ 2,ITF,"WTT W50 - PORTOROZ 2, SLOVENIA",2026,2026-05-18,2026-05-24,Clay,O,,SLO,32,16,40000,USD,Julie Struplova,past
4968,KLAGENFURT 2,ITF,"WTT W35 - KLAGENFURT 2, AUSTRIA",2026,2026-05-18,2026-05-23,Clay,O,,AUT,32,16,30000,USD,Sarah Van Emst,past
4969,CHANGWON 2,ITF,"WTT W35 - CHANGWON 2, KOREA",2026,2026-05-18,2026-05-24,Hard,O,,KOR,32,16,30000,USD,Dayeon Back,past
4970,HURGHADA 6,ITF,"WTT W15 - HURGHADA 6, EGYPT",2026,2026-05-18,2026-05-24,Hard,O,,EGY,32,16,15000,USD,Aya El Sayed,past
4971,TOYAMA 2,ITF,"WTT W15 - TOYAMA 2, JAPAN",2026,2026-05-18,2026-05-24,Hard,O,,JPN,32,16,15000,USD,Hiromi Abe,past
4972,GABORONE 2,ITF,"WTT W15 - GABORONE 2, BOTSWANA",2026,2026-05-18,2026-05-24,Hard,O,,BOT,32,16,15000,USD,Marilouise Van Zyl,past
5617,TSAGHKADZOR 2,ITF,"WTT W15 - TSAGHKADZOR, ARMENIA",2026,2026-05-18,2026-05-24,Clay,O,,ARM,32,16,15000,USD,Kristina Kroitor,past
903,ROLAND GARROS,Grand Slam,"Roland Garros - Paris, France",2026,2026-05-24,2026-06-07,Clay,O,PARIS,FRA,128,64,29137500,USD,Mirra Andreeva,past
271,LAKEWOOD,ITF,"WTT W15 - LAKEWOOD, CA, USA",2026,2026-05-25,2026-05-31,Hard,O,,USA,32,16,15000,USD,Tatum Evans,past
587,ZARAGOZA,ITF,"WTT W75 - ZARAGOZA, SPAIN",2026,2026-05-25,2026-05-31,Clay,O,,ESP,32,16,60000,USD,Jennifer Ruggeri,past
869,WICHITA,ITF,"WTT W35 - WICHITA, KS, USA",2026,2026-05-25,2026-05-31,Hard,O,,USA,32,16,30000,USD,Reese Brantmeier,past
2804,BOL 2,ITF,"WTT W35 - BOL 2, CROATIA",2026,2026-05-25,2026-05-31,Clay,O,,CRO,32,16,30000,USD,Aurora Zantedeschi,past
4497,MONASTIR 22,ITF,"WTT W15 - MONASTIR 22, TUNISIA",2026,2026-05-25,2026-05-31,Hard,O,,TUN,32,16,15000,USD,Andre Lukosiute,past
4699,FUKUI,ITF,"WTT W15 - FUKUI, JAPAN",2026,2026-05-25,2026-05-31,Hard,O,,JPN,32,16,15000,USD,Hiromi Abe,past
4701,KURSUMLIJSKA BANJA 3,ITF,"WTT W75 - KURSUMLIJSKA BANJA 3, SERBIA",2026,2026-05-25,2026-05-31,Clay,O,,SRB,32,16,60000,USD,Laura Samson,past
4839,KAYSERI 2,ITF,"WTT W15 - KAYSERI 2, TURKIYE",2026,2026-05-25,2026-05-31,Hard,O,,TUR,32,16,15000,USD,Deniz Dilek,past
4973,SZENTENDRE,ITF,"WTT W15 - SZENTENDRE, HUNGARY",2026,2026-05-25,2026-05-31,Clay,O,,HUN,32,16,15000,USD,Marie Vogt,past
4974,OLIVA,ITF,"WTT W15 - OLIVA, SPAIN",2026,2026-05-25,2026-05-31,Clay,O,,ESP,32,16,15000,USD,Jenny Lim,past
5616,TSAGHKADZOR,ITF,"WTT W15 - TSAGHKADZOR 2, ARMENIA",2026,2026-05-25,2026-05-31,Clay,O,,ARM,32,16,15000,USD,Kristina Kroitor,past
8272,WUNING 2,ITF,"WTT W35 - WUNING 2, CHINA",2026,2026-05-25,2026-05-31,Hard,O,,CHN,32,16,30000,USD,Alexandra Shubladze,past
120,CASERTA,ITF,"WTT W75 - CASERTA, ITALY",2026,2026-06-01,2026-06-07,Clay,O,,ITA,32,16,60000,USD,Federica Urgesi,past
396,BRASILIA,ITF,"WTT W15 - BRASILIA, BRAZIL",2026,2026-06-01,2026-06-07,Hard,O,,BRA,32,16,15000,USD,Luiza Fullana,past
584,MONTEMOR-O-NOVO,ITF,"WTT W50 - MONTEMOR-O-NOVO, PORTUGAL",2026,2026-06-01,2026-06-07,Hard,O,,POR,32,16,40000,USD,Yeonwoo Ku,past
748,CASABLANCA,ITF,"WTT W15 - CASABLANCA, MORROCO",2026,2026-06-01,2026-06-07,Clay,O,,MAR,32,16,15000,USD,Nina Vargova,past
1126,BIRMINGHAM 125,WTA 125,"Lexus Birmingham Open - Birmingham, GBR",2026,2026-06-01,2026-06-07,Grass,O,BIRMINGHAM,GBR,32,16,225000,USD,Alexandra Eala,past
2077,BARI 125,WTA 125,"Open delle Puglie Trofeo - Foggia, ITA",2026,2026-06-01,2026-06-07,Clay,O,FOGGIA,ITA,32,8,115000,USD,Leyre Romero Gormaz,past
2611,SUMTER,ITF,"WTT W100 - SUMTER, SOUTH CAROLINA, USA",2026,2026-06-01,2026-06-07,Hard,O,,USA,32,16,100000,USD,Kristina Liutova,past
2785,OSIJEK,ITF,"WTT W15 - OSIJEK, CROATIA",2026,2026-06-01,2026-06-07,Clay,O,,CRO,32,16,15000,USD,Katerina Tsygourova,past
3170,BANJA LUKA,ITF,"WTT W15 - BANJA LUKA, BOSNIA AND HERZEGOVINA",2026,2026-06-01,2026-06-07,Clay,O,,BIH,32,16,15000,USD,Lucie Petruzelova,past
4196,FOCSANI,ITF,"WTT W15 - FOCSANI, ROMANIA",2026,2026-06-01,2026-06-07,Clay,O,,ROU,32,16,15000,USD,Daria Yesypchuk,past
4498,MONASTIR 23,ITF,"WTT W15 - MONASTIR 23, TUNISIA",2026,2026-06-01,2026-06-07,Hard,O,,TUN,32,16,15000,USD,Berta Passola,past
4705,KURSUMLIJSKA BANJA 4,ITF,"WTT W15 - KURSUMLIJSKA BANJA 4, SERBIA",2026,2026-06-01,2026-06-07,Clay,O,,SRB,32,16,15000,USD,Anastasia Zolotareva,past
4742,LAKEWOOD 2,ITF,"WTT W15 - LAKEWOOD 2, CA, USA",2026,2026-06-01,2026-06-07,Hard,O,,USA,32,16,15000,USD,Mayu Crossley,past
4840,KAYSERI 3,ITF,"WTT W15 - KAYSERI 3, TURKIYE",2026,2026-06-01,2026-06-07,Hard,O,,TUR,32,16,15000,USD,Deniz Dilek,past
4975,ONTINYENT,ITF,"WTT W15 - ONTINYENT, SPAIN",2026,2026-06-01,2026-06-07,Clay,O,,ESP,32,16,15000,USD,Carmen Gallardo Guevara,past
8273,WUNING 3,ITF,"WTT W50 - WUNING 3, CHINA",2026,2026-06-01,2026-06-07,Hard,O,,CHN,32,16,40000,USD,Xinxin Yao,past
1090,MAKARSKA 125,WTA 125,"Makarska Open - Makarska, CRO",2026,2026-06-02,2026-06-07,Clay,O,MAKARSKA,CRO,32,8,115000,USD,Maria Timofeeva,past
690,GUIMARAES,ITF,"WTT W50 - GUIMARES, PORTUGAL",2026,2026-06-08,2026-06-14,Hard,O,,POR,32,16,40000,USD,Savannah Broadus,past
822,'S-HERTOGENBOSCH,WTA 250,"Libéma Open - 's-Hertogenbosch, NED",2026,2026-06-08,2026-06-14,Grass,O,'S-HERTOGENBOSCH,NED,32,16,283347,USD,Robin Montgomery,past
974,NICE,ITF,"WTT W35 - NICE, FRANCE",2026,2026-06-08,2026-06-14,Clay,O,,FRA,32,16,30000,USD,Clara Burel,past
1111,QUEENS,WTA 500,"The HSBC Championships - London, GBR",2026,2026-06-08,2026-06-14,Grass,O,LONDON,GBR,28,16,1915000,USD,Donna Vekic,past
1127,ILKLEY 125,WTA 125,"Lexus Ilkley Open - Ilkley, GBR",2026,2026-06-08,2026-06-14,Grass,O,ILKLEY,GBR,32,16,225000,USD,Ashlyn Krueger,past
1171,MODENA 125,WTA 125,"Memorial Eugenio Fontana - Modena, ITA",2026,2026-06-08,2026-06-14,Clay,O,MODENA,ITA,32,8,115000,USD,Katarzyna Kawa,past
2485,MADRID 2,ITF,"WTT W15 - MADRID 2, SPAIN",2026,2026-06-08,2026-06-14,Clay,O,,ESP,32,16,15000,USD,Ruth Roura Llaverias,past
2520,ZAGREB 2,ITF,"WTT W100 - ZAGREB, CROATIA",2026,2026-06-08,2026-06-14,Clay,O,,CRO,32,16,100000,USD,Elina Avanesyan,past
2702,CASABLANCA 2,ITF,"WTT W35 - CASABLANCA 2, MOROCCO",2026,2026-06-08,2026-06-14,Clay,O,,MAR,32,16,30000,USD,Luna Vujovic,past
4499,MONASTIR 24,ITF,"WTT W15 - MONASTIR 24, TUNISIA",2026,2026-06-08,2026-06-14,Hard,O,,TUN,32,16,15000,USD,Victoria Milovanova,past
4618,CESKA LIPA,ITF,"WTT W75 - CESKA LIPA, CZECH REPUBLIC",2026,2026-06-08,2026-06-14,Clay,O,,CZE,32,16,60000,USD,Julia Avdeeva,past
4627,LOS ANGELES,ITF,"WTT W15- LOS ANGELES, CALIFORNIA",2026,2026-06-08,2026-06-14,Hard,O,,USA,32,16,15000,USD,Alina Shcherbinina,past
4708,KURSUMLIJSKA BANJA 5,ITF,"WTT W15- KURSUMLIJSKA BANJA 5, SERBIA",2026,2026-06-08,2026-06-14,Clay,O,,SRB,32,16,15000,USD,Ksenia Zaytseva,past
4760,TOKYO 2,ITF,"WTT W15 - TOKYO 2, JAPAN",2026,2026-06-08,2026-06-14,Hard,O,,JPN,32,16,15000,USD,Ikumi Yamazaki,past
4863,MERZIG,ITF,"WTT W15 - MERZIG, GERMANY",2026,2026-06-08,2026-06-14,Clay,O,,GER,32,16,15000,USD,Valentina  Steiner,past
4865,"DECATUR, IL",ITF,"WTT W35 DECATUR, IL, USA",2026,2026-06-08,2026-06-14,Hard,O,,USA,32,16,30000,USD,Lea Ma,past
4868,KAYSERI 4,ITF,"WTT W15 - KAYSERI 4, TURKIYE",2026,2026-06-08,2026-06-14,Hard,O,,TUR,32,16,15000,USD,Ilay Yoruk,past
4900,CUIABA,ITF,"WTT W35 - CUIABA, BRAZIL",2026,2026-06-08,2026-06-14,Clay,O,,BRA,32,16,30000,USD,Carolina Alves,past
4976,WUNING 4,ITF,"WTT W100 - WUNING 4, CHINA",2026,2026-06-08,2026-06-14,Hard,O,,CHN,32,16,100000,USD,Zongyu Li,past
4977,HURGHADA 7,ITF,"WTT W50 - HURGHADA 7, EGYPT",2026,2026-06-08,2026-06-14,Grass,O,,EGY,32,16,40000,USD,Polina Iatcenko,past
4978,SAN GREGORIO 3,ITF,"WTT W35 - SAN GREGORIO 3, ITALY",2026,2026-06-08,2026-06-14,Clay,O,,ITA,32,16,30000,USD,Nadia Podoroska,past
560,HASKOVO,ITF,"WTT W50 - HASKOVO, BULGARIA",2026,2026-06-15,2026-06-21,Clay,O,,BUL,32,16,40000,USD,Selena Janicijevic,past
791,KLOSTERS,ITF,"WTT W35 - KLOSTERS, SWITZERLAND",2026,2026-06-15,2026-06-21,Clay,O,,SUI,32,16,30000,USD,Julia Stusek,past
863,DINARD,ITF,"WTT W15 - DINARD, FRANCE",2026,2026-06-15,2026-06-21,Clay,O,,FRA,32,16,15000,USD,Antonia Stoyanov,past
942,BUCHAREST 2,ITF,"WTT W15 - BUCHAREST 2, ROMANIA",2026,2026-06-15,2026-06-21,Clay,O,,ROU,32,16,15000,USD,Daria Yesypchuk,past
1080,NOTTINGHAM,WTA 250,"Lexus Nottingham Open - Nottingham, GBR",2026,2026-06-15,2026-06-21,Grass,O,NOTTINGHAM,GBR,32,16,283347,USD,Marie Bouzkova,past
1170,BRESCIA 125,WTA 125,"Internazionali Femminili Di Brescia - Brescia, ITA",2026,2026-06-15,2026-06-21,Clay,O,BRESCIA,ITA,32,16,115000,USD,Mayar Sherif,past
1177,FIGUEIRA DA FOZ 125,WTA 125,"Figueira Da Foz Ladies Open - Figueira Da Foz, POR",2026,2026-06-15,2026-06-21,Hard,O,FIGUEIRA DA FOZ,POR,32,8,115000,USD,Darja Vidmanova,past
2012,BERLIN,WTA 500,"VANDA Pharmaceuticals Berlin Tennis Open - Berlin, GER",2026,2026-06-15,2026-06-21,Grass,O,BERLIN,GER,28,16,1206446,USD,Linda Noskova,past
2293,TAIPEI,ITF,"WTT W35 - TAIPEI, TAIWAN",2026,2026-06-15,2026-06-21,Hard,O,,TPE,32,16,30000,USD,Dayeon Back,past
2494,LUQUE,ITF,"WTT W15 - LUQUE, PARAGUAY",2026,2026-06-15,2026-06-21,Clay,O,,PAR,32,16,15000,USD,Antonia Vergara Rivera,past
2696,YSTAD,ITF,"WTT W35 - YSTAD, SWEDEN",2026,2026-06-15,2026-06-21,Clay,O,,SWE,32,16,30000,USD,Lea Nilsson,past
3162,ZHENGZHOU,ITF,"WTT W35 - ZHENGZHOU, CHINA",2026,2026-06-15,2026-06-21,Hard,O,,CHN,32,16,30000,USD,Evialina Laskevich,past
4521,MONASTIR 25,ITF,"WTT W15 - MONASTIR 25, TUNISIA",2026,2026-06-15,2026-06-21,Hard,O,,TUN,32,16,15000,USD,Lucie Pawlak,past
4712,KURSUMLIJSKA BANJA 6,ITF,"WTT W15 - KURSUMLIJSKA BANJA 6, SERBIA",2026,2026-06-15,2026-06-21,Clay,O,,SRB,32,16,15000,USD,Amelie Justine Hejtmanek,past
4728,TAUSTE,ITF,"WTT W35 - TAUSTE, SPAIN",2026,2026-06-15,2026-06-21,Hard,O,,ESP,32,16,30000,USD,Anna Kubareva,past
4735,"IRVINE, CA",ITF,"WTT W15 - IRVINE, CA, USA",2026,2026-06-15,2026-06-21,Hard,O,,USA,32,16,15000,USD,Alina Shcherbinina,past
4746,SAPPORO,ITF,"WTT W15 - SAPPORO, JAPAN",2026,2026-06-15,2026-06-21,Hard,O,,JPN,32,16,15000,USD,Ayumi Miyamoto,past
4812,MOHAMMEDIA,ITF,"WTT W35 - MOHAMMEDIA, MOROCCO",2026,2026-06-15,2026-06-21,Clay,O,,MAR,32,16,30000,USD,Daria Egorova,past
4867,BLOIS,ITF,"WTT W75 - BLOIS, FRANCE",2026,2026-06-15,2026-06-21,Clay,O,,FRA,32,16,60000,USD,Francesca Curmi,past
4869,BOLSZEWO,ITF,"WTT W35 - BOLSZEWO, POLAND",2026,2026-06-15,2026-06-21,Clay,O,,POL,32,16,30000,USD,Joelle Steur,past
4871,KAYSERI 5,ITF,"WTT W15 - KAYSERI 5, TURKIYE",2026,2026-06-15,2026-06-21,Hard,O,,TUR,32,16,15000,USD,Darja Suvirdjonkova,past
4979,SAN GREGORIO 4,ITF,"WTT W35 - SAN GREGORIO 4, ITALY",2026,2026-06-15,2026-06-21,Clay,O,,ITA,32,16,30000,USD,Gabriela Ce,past
2017,BAD HOMBURG,WTA 500,"Bad Homburg Open powered by Solarwatt  - Bad Homburg, GER",2026,2026-06-21,2026-06-27,Grass,O,BAD HOMBURG,GER,28,16,1206446,USD,Karolina Muchova,past
479,ASUNCION,ITF,"WTT W15 - ASUNCION, PARAGUAY",2026,2026-06-22,2026-06-28,Clay,O,,PAR,32,16,15000,USD,Ana Candiotto,past
545,TAIPEI 2,ITF,"WTT W35 - TAIPEI 2, TAIWAN",2026,2026-06-22,2026-06-28,Hard,O,,TPE,32,16,30000,USD,Priska Nugroho,past
710,EASTBOURNE,WTA 250,"Lexus Eastbourne Open - Eastbourne, GBR",2026,2026-06-22,2026-06-27,Grass,O,EASTBOURNE,GREAT BRITAIN,0,0,0,USD,Madison Keys,past
983,CLAREMONT,ITF,"WTT W15 - CLAREMONT, CALIFORNIA, USA",2026,2026-06-22,2026-06-28,Hard,O,,USA,32,16,15000,USD,Alexis Nguyen,past
990,ALKMAAR,ITF,"WTT W15 - ALKMAAR, NETHERLANDS",2026,2026-06-22,2026-06-28,Clay,O,,NED,32,16,15000,USD,Isis Louise Van Den Broek,past
2406,GALATI,ITF,"WTT W15 - GALATI, ROMANIA",2026,2026-06-22,2026-06-28,Clay,O,,ROU,32,16,15000,USD,Giulia Safina Popa,past
4098,TARVISIO,ITF,"WTT W35 - TARVISIO, ITALY",2026,2026-06-22,2026-06-28,Clay,O,,ITA,32,16,30000,USD,Deborah Chiesa,past
4500,"ROME,GA",ITF,"WTT W35 - ROME, GA, USA",2026,2026-06-22,2026-06-28,Hard,O,,USA,32,16,30000,USD,Ayana Akli,past
4518,PALMA DEL RIO,ITF,"WTT W50- PALMA DEL RIO, SPAIN",2026,2026-06-22,2026-06-28,Hard,O,,ESP,32,16,40000,USD,Eva Vedder,past
4524,MONASTIR 26,ITF,"WTT W15 - MONASTIR 26, TUNISIA",2026,2026-06-22,2026-06-28,Hard,O,,TUN,32,16,15000,USD,Arina Arifullina,past
4718,KURSUMLIJSKA BANJA 7,ITF,"WTT W15 - KURSUMLIJSKA BANJA 7, SERBIA",2026,2026-06-22,2026-06-28,Clay,O,,SRB,32,16,15000,USD,Ksenia Zaytseva,past
4731,GDANSK,ITF,"WTT W50 - GDANSK, POLAND",2026,2026-06-22,2026-06-28,Clay,O,,POL,32,16,40000,USD,Anastasiia Sobolieva,past
4747,SAPPORO 2,ITF,"WTT W15 - SAPPORO 2, JAPAN",2026,2026-06-22,2026-06-28,Hard,O,,JPN,32,16,15000,USD,Miho Kuramochi,past
4804,KAMEN,ITF,"WTT W15 - KAMEN, GERMANY",2026,2026-06-22,2026-06-28,Clay,O,,GER,32,16,15000,USD,Valentina Ivanov,past
4861,MAANSHAN 5,ITF,"WTT W15 - MAANSHAN 5, CHINA",2026,2026-06-22,2026-06-28,Hard,I,,CHN,32,16,15000,USD,Evialina Laskevich,past
4873,KAYSERI,ITF,"WTT W15 - KAYSERI 6, TURKIYE",2026,2026-06-22,2026-06-28,Hard,O,,TUR,32,16,15000,USD,Duru Soke,past
145,STUTTGART-VAIHINGEN,ITF,"WTT W50 - STUTTGART-VAIHINGEN, GERMANY",2026,2026-06-29,2026-07-05,Clay,O,,GER,32,16,40000,USD,Anastasiia Sobolieva,past
486,GETXO,ITF,"WTT W15 - GETXO, SPAIN",2026,2026-06-29,2026-07-05,Clay,I,,ESP,32,16,15000,USD,Lisa Claeys,past
741,ELVAS,ITF,"WTT W50- ELVAS, PORTUGAL",2026,2026-06-29,2026-07-05,Hard,O,,POR,32,16,40000,USD,Han Shi,past
904,WIMBLEDON,Grand Slam,"The Championships, Wimbledon - Wimbledon, GBR",2026,2026-06-29,2026-07-12,Grass,O,WIMBLEDON,GBR,128,64,30327600,USD,Linda Noskova,past
2359,CARY,ITF,"WTT W100 - CARY, NORTH CAROLINA",2026,2026-06-29,2026-07-05,Hard,O,,USA,32,16,100000,USD,Lucrezia Stefanini,past
3059,AMSTELVEEN,ITF,"WTT W35 - AMSTELVEEN, NETHERLANDS",2026,2026-06-29,2026-07-05,Clay,O,,NED,64,16,30000,USD,Weronika Falkowska,past
4527,MONASTIR 27,ITF,"WTT W15 - MONASTIR 27, TUNISIA",2026,2026-06-29,2026-07-05,Hard,O,,TUN,32,16,15000,USD,Emily Sartz-Lunde,past
4620,SAN DIEGO 2,ITF,"WTT W15 - SAN DIEGO 2, CA, USA",2026,2026-06-29,2026-07-05,Hard,O,,USA,32,16,15000,USD,Alina Shcherbinina,past
4642,MOGYOROD,ITF,"WTT W15 - MOGYOROD, HUNGARY",2026,2026-06-29,2026-07-05,Clay,O,,HUN,32,16,15000,USD,Adrienn Nagy,past
4720,KURSUMLIJSKA BANJA 8,ITF,"WTT W15 - KUSUMLIJSKA BANJA 8, SERBIA",2026,2026-06-29,2026-07-05,Clay,O,,SRB,32,16,15000,USD,Anja Stankovic,past
4803,HILLCREST,ITF,"WTT W15 - HILLCREST, SOUTH AFRICA",2026,2026-06-29,2026-07-05,Hard,O,,RSA,32,16,15000,USD,Polina Leykina,past
4864,MAANSHAN 6,ITF,"WTT W15 - MAANSHAN 6, CHINA",2026,2026-06-29,2026-07-05,Hard,I,,CHN,32,16,15000,USD,Chengyiyi Yuan,past
4904,KAYSERI 7,ITF,"WTT W15 - KAYSERI 7, TURKIYE",2026,2026-06-29,2026-07-05,Hard,O,,TUR,32,16,15000,USD,Duru Soke,past
4980,AIX-LES-BAINS,ITF,"WTT W35 - AIX-LES-BAINS, FRANCE",2026,2026-06-29,2026-07-05,Clay,O,,FRA,32,16,30000,USD,Alina Granwehr,past
430,COLUMBUS,ITF,"WTT W50 - COLUMBUS, OHIO",2026,2026-07-06,2026-07-12,Hard,I,,USA,32,16,40000,USD,Julieta Pareja,past
1123,NEWPORT 125,WTA 125,Cerity Partners Hall of Fame Open presented by the Margaret Fund,2026,2026-07-06,2026-07-12,Grass,O,NEWPORT,USA,32,16,225000,USD,Tatjana Maria,past
2003,BASTAD 125,WTA 125,"Nordea Open - Bastad, SWE",2026,2026-07-06,2026-07-11,Clay,O,BASTAD,SWE,32,16,115000,USD,Paula Badosa,past
2071,CONTREXEVILLE 125,WTA 125,"Grand Est Open 88 - Contrexeville, FRA",2026,2026-07-06,2026-07-12,Clay,O,CONTREXEVILLE,FRA,32,8,115000,USD,Mayar Sherif,past
2654,ASTANA,ITF,"WTT W15 - ASTANA, KAZAKHSTAN",2026,2026-07-06,2026-07-12,Hard,O,,KAZ,32,16,15000,USD,Ekaterina Maklakova,past
2766,ASCHAFFENBURG,ITF,"WTT W100 - ASCHAFFENBURG, GERMANY",2026,2026-07-06,2026-07-12,Clay,O,,GER,32,16,100000,USD,Ekaterine Gorgodze,past
2833,RANCHO SANTE FE,ITF,"WTT W15 - RANCHO SANTA FE, CA, USA",2026,2026-07-06,2026-07-12,Hard,O,,USA,32,16,15000,USD,Veronika Miroshnichenko,past
4202,DON BENITO,ITF,"WTT W35 - DON BENITO, SPAIN",2026,2026-07-06,2026-07-12,Carpet,O,,ESP,32,16,30000,USD,Valentina Ryser,past
4328,CORROIOS-SEIXAL,ITF,"WTT W50 - CORROIOS-SEIXAL, PORTUGAL",2026,2026-07-06,2026-07-12,Hard,O,,POR,32,16,40000,USD,,past
4528,MONASTIR 28,ITF,"WTT W15 - MONASTIR 28, TUNISIA",2026,2026-07-06,2026-07-12,Hard,O,,TUN,32,16,15000,USD,Yuliya Perapekhina,past
4726,KURSUMLIJSKA BANJA 9,ITF,"WTT W15 - KURSUMLIJSKA BANJA 9, SERBIA",2026,2026-07-06,2026-07-12,Clay,O,,SRB,32,16,15000,USD,Adithya Karunaratne,past
4764,BUZAU,ITF,"WTT W35 - BUZAU, ROMANIA",2026,2026-07-06,2026-07-12,Clay,O,,ROU,32,16,30000,USD,Rositsa Dencheva,past
4798,RIO CLARO,ITF,"WTT W15 - RIO CLARO, BRAZIL",2026,2026-07-06,2026-07-12,Clay,O,,BRA,32,16,15000,USD,Oceane Babel,past
4805,HILLCREST 2,ITF,"WTT W35 - HILLCREST 2, SOUTH AFRICA",2026,2026-07-06,2026-07-12,Hard,O,,RSA,32,16,30000,USD,Polina Leykina,past
4888,LUAN 5,ITF,"WTT W15 - LUAN 5, CHINA",2026,2026-07-06,2026-07-12,Hard,O,,CHN,32,16,15000,USD,Alina Trynkina,past
4981,THE HAGUE 2,ITF,"WTT W75 - THE HAGUE 2, NETHERLANDS",2026,2026-07-06,2026-07-12,Clay,O,,NED,32,16,60000,USD,Eva Vedder,past
175,DARMSTADT,ITF,"WTT W50 - DARMSTADT, GERMANY",2026,2026-07-13,2026-07-19,Clay,O,,GER,32,16,40000,USD,Nastasja Schunk,past
241,SAO PAULO,ITF,"WTT W35 - SAO PAULO, BRAZIL",2026,2026-07-13,2026-07-19,Clay,O,,BRA,32,16,30000,USD,Oceane Babel,past
381,TORINO,ITF,"WTT W35 - TORINO, ITALY",2026,2026-07-13,2026-07-19,Clay,O,,ITA,32,16,30000,USD,Antonia Stoyanov,past
1130,ROME 125,WTA 125,"ATV BANCOMAT TENNIS OPEN - Rome, ITA",2026,2026-07-13,2026-07-19,Clay,O,ROME,ITA,32,8,115000,USD,Francesca Jones,past
1162,KITZBHUEL 125,WTA 125,"Generali Open Ladies Kitzbühel - Kitzbuhel, AUT",2026,2026-07-13,2026-07-19,Clay,O,KITZBUHEL,AUT,32,8,115000,USD,Sinja Kraus,past
1172,ISTANBUL 125 #2,WTA 125,"Enka Open - Istanbul, TUR",2026,2026-07-13,2026-07-19,Hard,O,ISTANBUL,TUR,32,16,115000,USD,Lanlana Tararudee,past
1175,ATHENS,WTA 250,"Vanda Pharmaceuticals Athens Open - Athens, GRE",2026,2026-07-13,2026-07-19,Hard,O,ATHENS,GRE,32,16,283347,USD,Barbora Krejcikova,past
2063,IASI,WTA 250,"UniCredit Iasi Open  - Iasi, ROU",2026,2026-07-13,2026-07-19,Clay,O,IASI,ROU,32,16,283347,USD,Mayar Sherif,past
2712,OLOMOUC,ITF,"WTT W75 - OLOMOUC, CZECH REPUBLIC",2026,2026-07-13,2026-07-19,Clay,O,,CZE,32,16,60000,USD,Julie Struplova,past
2775,ASTANA 2,ITF,"WTT W15 - ASTANA 2, KAZAKHSTAN",2026,2026-07-13,2026-07-19,Hard,O,,KAZ,32,16,15000,USD,Kamonwan Yodpetch,past
2865,GRANBY,ITF,"WTT W75 - GRANBY, CANADA",2026,2026-07-13,2026-07-19,Hard,O,,CAN,32,16,60000,USD,Kayla Cross,past
3067,NOTTINGHAM 3,ITF,"WTT W50 - NOTTINGHAM 3, GREAT BRITAIN",2026,2026-07-13,2026-07-19,Hard,O,,GBR,32,16,40000,USD,Alicia Dudeney,past
4430,VITORIA-GASTEIZ,ITF,"WTT W75 - VITORIA-GASTEIZ, SPAIN",2026,2026-07-13,2026-07-19,Hard,O,,ESP,32,16,60000,USD,Martyna Kubka,past
4466,DALLAS,ITF,"WTT W35 - DALLAS, TEXAS, USA",2026,2026-07-13,2026-07-19,Hard,I,,USA,32,16,30000,USD,Hanna Chang,past
4533,MONASTIR 29,ITF,"WTT W15 - MONASTIR 29, TUNISIA",2026,2026-07-13,2026-07-19,Hard,O,,TUN,32,16,15000,USD,Yuliya Perapekhina,past
4611,KRSKO,ITF,"WTT W15 - KRSKO, SLOVENIA",2026,2026-07-13,2026-07-19,Clay,O,,SLO,32,16,15000,USD,Marie Vogt,past
4732,KURSUMLIJSKA BANJA 10,ITF,"WTT W15 - KURSUMLIJSKA BANJA 10, SERBIA",2026,2026-07-13,2026-07-19,Clay,O,,SRB,32,16,15000,USD,Nina Radovanovic,past
4806,HILLCREST 3,ITF,"WTT W15 - HILLCREST 3, SOUTH AFRICA",2026,2026-07-13,2026-07-19,Hard,O,,RSA,32,16,15000,USD,Astrid Cirotte,past
4893,LUAN 6,ITF,"WTT W15 - LUAN 6, CHINA",2026,2026-07-13,2026-07-19,Hard,O,,CHN,32,16,15000,USD,Alina Trynkina,past
4922,BRISBANE 3,ITF,"WTT W15 - BRISBANE 3, AUSTRALIA",2026,2026-07-13,2026-07-19,Hard,O,,AUS,32,16,15000,USD,Destanee Aiava,past
35,LAS PALMAS DE GRAN CANARIA,ITF,WTT W15 - LAS PALMAS DE GRAN CANARIA,2026,2026-07-20,2026-07-26,Clay,O,,ESP,32,16,15000,USD,Carmen Gallardo Guevara,past
219,EVANSVILLE,ITF,"WTT W100 - EVANSVILLE, IN, USA",2026,2026-07-20,2026-07-27,Hard,O,,USA,32,16,100000,USD,Caroline Dolehide,past
691,HORB,ITF,"WTT W50 - HORB, GERMANY",2026,2026-07-20,2026-07-26,Clay,O,,GER,32,16,40000,USD,Lea Nilsson,past
1082,PRAGUE,WTA 250,"Livesport Prague Open 2026 - Prague, CZE",2026,2026-07-20,2026-07-26,Hard,O,PRAGUE,CZE,32,16,283347,USD,Lilli Tagger,past
1131,PALERMO 125,WTA 125,"37° Palermo Ladies Open - Palermo, ITA",2026,2026-07-20,2026-07-26,Clay,O,PALERMO,ITA,32,16,115000,USD,Francesca Jones,past
2042,HAMBURG,WTA 250,"MSC Hamburg Ladies Open - Hamburg, GER",2026,2026-07-20,2026-07-26,Clay,O,HAMBURG,GER,32,16,283347,USD,Tamara Korpatsch,past
4246,CORDENONS,ITF,"WTT W75 - CORDENONS, ITALY",2026,2026-07-20,2026-07-26,Clay,O,,ITA,32,16,60000,USD,Mia Ristic,past
4422,SASKATOON,ITF,"WTT W35 - SASKATOON, CANADA",2026,2026-07-20,2026-07-26,Hard,O,,CAN,32,16,30000,USD,Teah Chavez,past
4733,KURSUMLIJSKA BANJA 11,ITF,"WTT W15- KURSUMLIJSKA BANJA 11, SERBIA",2026,2026-07-20,2026-07-26,Clay,O,,SRB,32,16,15000,USD,Ariana Geerlings,past
4784,VACARIA,ITF,"WTT W75 - VACARIA, BRAZIL",2026,2026-07-20,2026-07-26,Clay,I,,BRA,32,16,60000,USD,Julia Riera,past
4818,AMSTETTEN,ITF,"WTT W100- AMSTETTEN, AUSTRIA",2026,2026-07-20,2026-07-26,Clay,O,,AUT,32,16,100000,USD,Teodora Kostovic,past
4831,NOGENT-SUR-MARNE,ITF,"WTT W15 - NOGENT SUR MARNE, FRANCE",2026,2026-07-20,2026-07-26,Clay,O,,FRA,32,16,15000,USD,Agustina Chlpac,past
4878,HUAMANTLA 3,ITF,"WTT W15 - HUAMANTLA 3, MEXICO",2026,2026-07-20,2026-07-26,Hard,O,,MEX,32,16,15000,USD,Kallista Liu,past
4884,CLUJ NAPOCA,ITF,"WTT W15 - CLUJ-NAPOCA, ROMANIA",2026,2026-07-20,2026-07-26,Clay,O,,ROU,32,16,15000,USD,Ilinca Amariei,past
4924,BRISBANE 4,ITF,"WTT W15 - BRISBANE 4, AUSTRALIA",2026,2026-07-20,2026-07-26,Hard,O,,AUS,32,16,15000,USD,Destanee Aiava,past
4982,SANTA FE,ITF,"WTT W35 - SANTA FE, NEW MEXICO, USA",2026,2026-07-20,2026-07-26,Hard,O,,USA,32,16,30000,USD,Malaika Rapolu,past
4983,GENTOFTE,ITF,"WTT W35 - GENTOFTE, DENMARK",2026,2026-07-20,2026-07-26,Clay,O,,DEN,32,16,30000,USD,Lucia Cortez Llorca,past
2064,VANCOUVER 125,WTA 125,"Odlum Brown VanOpen - Vancouver, CAN",2026,2026-07-26,2026-08-01,Hard,O,VANCOUVER,CAN,32,16,225000,USD,Taylah Preston,past
151,HECHINGEN,ITF,"WTT W75 - HECHINGEN, GERMANY",2026,2026-07-27,2026-08-02,Clay,O,,GER,32,16,60000,USD,Barbora Palicova,past
443,DUBLIN,ITF,"WTT W50 - DUBLIN, IRELAND",2026,2026-07-27,2026-08-02,Carpet,O,,IRL,32,16,40000,USD,Vendula Valdmannova,past
856,ROGASKA SLATINA,ITF,"WTT W15 - ROGASKA SLATINA, SLOVENIA",2026,2026-07-27,2026-08-02,Clay,O,,SLO,32,16,15000,USD,Alja Senica,past
900,LEXINGTON,ITF,"WTT W75 - LEXINGTON, KY, USA",2026,2026-07-27,2026-08-02,Hard,O,,USA,32,16,60000,USD,Anastasia Kulikova,past
1045,WASHINGTON DC,WTA 500,"Mubadala DC Open - Washington, DC, USA",2026,2026-07-27,2026-08-02,Hard,O,WASHINGTON DC,USA,28,16,1637982,USD,Alexandra Eala,past
1163,TARGU MURES 125,WTA 125,"AXERIA Open 2026 powered by INTARO Sport - Targu Mures, ROU",2026,2026-07-27,2026-08-02,Clay,O,TARGU MURES,ROU,32,16,115000,USD,Laura Samson,past
1167,MEMPHIS,WTA 250,"The Memphis Classic - Memphis, TN, USA",2026,2026-07-27,2026-08-02,Hard,O,MEMPHIS,USA,32,16,283347,USD,Kristina Liutova,past
2478,SAVITAIPALE,ITF,"WTT W15 - SAVITAIPALE, FINLAND",2026,2026-07-27,2026-08-02,Clay,O,,FIN,32,16,15000,USD,Elza Tomase,past
2771,KNOKKE,ITF,"WTT W50 - KNOKKE-HEIST, BELGIUM",2026,2026-07-27,2026-08-02,Clay,O,,BEL,32,16,40000,USD,Jule Niemeier,past
2877,ASTANA 3,ITF,"WTT W15 - ASTANA 3, KAZAKHSTAN",2026,2026-07-27,2026-08-02,Hard,O,,KAZ,32,16,15000,USD,Edda Mamedova,past
4641,ALDERSHOT,ITF,"WTT W35- ALDERSHOT, GREAT BRITAIN",2026,2026-07-27,2026-08-02,Hard,O,,GBR,32,16,30000,USD,Rina Saigo,past
4751,GRAN CANARIA,ITF,"WTT W100 - GRAN CANARIA, SPAIN",2026,2026-07-27,2026-08-02,Clay,O,,ESP,32,16,100000,USD,Laura Pigossi,past
4759,KURSUMLIJSKA BANJA 12,ITF,"WTT W15 - KURSUMLIJSKA BANJA 12, SERBIA",2026,2026-07-27,2026-08-02,Clay,O,,SRB,32,16,15000,USD,Ariana Geerlings,past
4821,BIELKSO-BIALA,ITF,"WTT W15 - BIELSKO BIALA, POLAND",2026,2026-07-27,2026-08-02,Clay,O,,POL,32,16,15000,USD,Emma Slavikova,past
4880,FLORENCE,ITF,"WTT W35 - FLORENCE, SOUTH CAROLINA",2026,2026-07-27,2026-08-02,Hard,O,,USA,32,16,30000,USD,Annika Penickova,past
4882,PERGAMINO,ITF,"WTT W35 - PERGAMINO, ARGENTINA",2026,2026-07-27,2026-08-02,Clay,O,,ARG,32,16,30000,USD,Carolina Alves,past
4885,HUAMANTLA 4,ITF,"WTT W15 - HUAMANTLA 4, MEXICO",2026,2026-07-27,2026-08-02,Hard,O,,MEX,32,16,15000,USD,Mika Buchnik,past
4931,BRISBANE 5,ITF,"WTT W15 - BRISBANE 5, AUSTRALIA",2026,2026-07-27,2026-08-02,Hard,O,,AUS,32,16,15000,USD,Mutsumi Uemura,past
806,MONTREAL,WTA 1000,"National Bank Open presented by Rogers - Toronto, CAN",2026,2026-08-02,2026-08-13,Hard,O,TORONTO,CAN,96,32,7433076,USD,Iga Swiatek,past
162,KOKSIJDE,ITF,"WTT W75 - KOKSIJDE, BELGIUM",2026,2026-08-03,2026-08-09,Clay,O,,BEL,32,16,60000,USD,Noemi Basiletti,past
2087,WARSAW 125,WTA 125,"Warsaw T-Mobile Polish Open - Warsaw, POL",2026,2026-08-03,2026-08-08,Hard,O,WARSAW,POL,32,8,115000,USD,Carol Young Suh Lee,past
2607,LANDISVILLE,ITF,"WTT W100 - LANDISVILLE, PENNSYLVANIA, USA",2026,2026-08-03,2026-08-09,Hard,O,,USA,32,16,100000,USD,Hanne Vandewinkel,past
2912,ASTANA 4,ITF,"WTT W15 - ASTANA 4, KAZAKHSTAN",2026,2026-08-03,2026-08-09,Hard,O,,KAZ,32,16,15000,USD,Asylzhan Arystanbekova,past
3160,TIANJIN,ITF,"WTT W15 - TIANJIN, CHINA",2026,2026-08-03,2026-08-09,Hard,O,,CHN,32,16,15000,USD,Junhan Zhang,past
3193,LEIPZIG,ITF,"WTT W75 - LEIPZIG, GERMANY",2026,2026-08-03,2026-08-09,Clay,O,,GER,32,16,60000,USD,Irene Burillo,past
4456,ROEHAMPTON 2,ITF,"WTT W35 - ROEHAMPTON 2, GREAT BRITAIN",2026,2026-08-03,2026-08-09,Hard,O,,GBR,32,16,30000,USD,Amelia Rajecki,past
4539,OURENSE,ITF,"WTT W75 - OURENSE, SPAIN",2026,2026-08-03,2026-08-09,Hard,O,,ESP,32,16,60000,USD,Sonja Zhiyenbayeva,past
4765,KURSUMLIJSKA BANJA 13,ITF,"WTT W15 - KURSUMLIJSKA BANJA 13, SERBIA",2026,2026-08-03,2026-08-09,Clay,O,,SRB,32,16,15000,USD,Felitsata Dorofeeva-Rybas,past
4814,CHACABUCO,ITF,"WTT W35 -CHACABUCO, ARGENTINA",2026,2026-08-03,2026-08-09,Clay,O,,ARG,32,16,30000,USD,Giorgia Pedone,past
4887,HAMEENLINNA,ITF,"WTT W15 - HAMEENLINNA, FINLAND",2026,2026-08-03,2026-08-09,Clay,O,,FIN,32,16,15000,USD,Amelie Justine Hejtmanek,past
4889,SOUTHAVEN,ITF,"WTT W35 -SOUTHAVEN, UNITES STATES",2026,2026-08-03,2026-08-09,Hard,O,,USA,32,16,30000,USD,Dana Guzman,past
292,VIGO,ITF,"WTT W35 - VIGO, SPAIN",2026,2026-08-10,2026-08-16,Hard,O,,ESP,32,16,30000,USD,Sonja Zhiyenbayeva,past
827,CAMPOS DO JORDAO,ITF,"WTT W15 - CAMPOS DO JORDAO, BRAZIL",2026,2026-08-10,2026-08-16,Hard,O,,BRA,32,16,15000,USD,Luiza Fullana,past
997,BUCHAREST 3,ITF,"WTT W15 - BUCHAREST 3, ROMANIA",2026,2026-08-10,2026-08-16,Clay,O,,ROU,32,16,15000,USD,Maria Sara Popa,past
2593,HAMBURG,ITF,"WTT W50 - HAMBURG, GERMANY",2026,2026-08-10,2026-08-16,Clay,O,,GER,32,16,40000,USD,Anna Siskova,past
2990,ASTANA 5,ITF,"WTT W15 - ASTANA 5, KAZAKHSTAN",2026,2026-08-10,2026-08-16,Hard,O,,KAZ,32,16,15000,USD,Asylzhan Arystanbekova,past
4530,BYDGOSZCZ,ITF,"WTT W35 - BYDGOSZCZ, POLAND",2026,2026-08-10,2026-08-16,Clay,O,,POL,32,16,30000,USD,Daria Kuczer,past
4730,TIANJIN 2,ITF,"WTT W15 - TIANJIN 2, CHINA",2026,2026-08-10,2026-08-16,Hard,O,,CHN,32,16,15000,USD,Chengyiyi Yuan,past
4767,KURSUMLIJSKA BANJA 14,ITF,"WTT W75 - KURSUMLIJSKA BANJA 14, SERBIA",2026,2026-08-10,2026-08-16,Clay,O,,SRB,32,16,60000,USD,Mia Ristic,past
4984,ALDERSHOT 2,ITF,"WTT W35- ALDERSHOT 2, GREAT BRITAIN",2026,2026-08-10,2026-08-16,Hard,O,,GBR,32,16,30000,USD,Susan Bandecchi,past
1017,CINCINNATI,WTA 1000,"Cincinnati Open - Cincinnati, OH, USA",2026,2026-08-13,2026-08-23,Hard,O,CINCINNATI,USA,96,32,7433076,USD,Coco Gauff,past
2544,PRAGUE 2,ITF,"WTT W50 - PRAGUE 2, CZECH REPUBLIC",2026,2026-08-17,2026-08-23,Clay,O,,CZE,32,16,40000,USD,Jana Kovackova,past
2649,KRAKOW,ITF,"WTT W35 - KRAKOW, POLAND",2026,2026-08-17,2026-08-23,Clay,O,,POL,32,16,30000,USD,Ariana Geerlings,past
2783,WANFERCEE-BAULET,ITF,"WTT W15 - WANFERCEE-BAULET, BELGIUM",2026,2026-08-17,2026-08-23,Clay,O,,BEL,32,16,15000,USD,Maria Andrienko,past
3186,CAMPOS DO JORDAO 2,ITF,"WTT W15 - CAMPOS DO JORDAO 2, BRAZIL",2026,2026-08-17,2026-08-23,Hard,O,,BRA,32,16,15000,USD,Carolina  Bohrer Martins,past
4326,VERBIER,ITF,"WTT W35 - VERBIER, SWITZERLAND",2026,2026-08-17,2026-08-23,Clay,O,,SUI,32,16,30000,USD,Valentini Grammatikopoulou,past
4542,ERWITTE,ITF,"WTT W35 - ERWITTE, GERMANY",2026,2026-08-17,2026-08-23,Clay,O,,GER,32,16,30000,USD,Valentina  Steiner,past
4734,TIANJIN 3,ITF,"WTT W15 - TIANJIN 3, CHINA",2026,2026-08-17,2026-08-23,Hard,O,,CHN,32,16,15000,USD,Rinko Matsuda,past
4754,BISTRITA,ITF,"WTT W35 - BISTRITA, ROMANIA",2026,2026-08-17,2026-08-23,Clay,O,,ROU,32,16,30000,USD,Teodora Miron,past
4769,KURSUMLIJSKA BANJA 15,ITF,"WTT W75- KURSUMLIJSKA BANJA 15, SERBIA",2026,2026-08-17,2026-08-23,Clay,O,,SRB,32,16,60000,USD,Rada Zolotareva,past
4895,LOGRONO,ITF,"WTT W15 - LOGRONO, SPAIN",2026,2026-08-17,2026-08-23,Hard,O,,ESP,32,16,15000,USD,Juliana Giaccio,past
1039,MONTERREY,WTA 500,"Abierto GNP Seguros - Monterrey, MEX",2026,2026-08-23,2026-08-29,Hard,O,MONTERREY,MEX,28,16,1206446,USD,Diane Parry,past
1166,PHILADELPHIA 125,WTA 125,"Ennoble Care Philly Open - Philadelphia, PA, USA",2026,2026-08-23,2026-08-29,Hard,O,PHILADELPHIA,USA,32,16,115000,USD,Katie Volynets,past
665,BYTOM,ITF,"WTT W75 - BYTOM, POLAND",2026,2026-08-24,2026-08-30,Clay,O,,POL,32,16,60000,USD,Barbora Palicova,past
2231,BRASOV,ITF,"WTT W15 - BRASOV, ROMANIA",2026,2026-08-24,2026-08-30,Clay,O,,ROU,32,16,15000,USD,Ashley Lahey,past
2547,BARUERI,ITF,"WTT W35 - BARUERI, BRAZIL",2026,2026-08-24,2026-08-30,Hard,O,,BRA,32,16,30000,USD,Cadence Brace,past
2896,TRIESTE,ITF,"WTT W35 - TRIESTE, ITALY",2026,2026-08-24,2026-08-30,Clay,O,,ITA,32,16,30000,USD,Gabriela Ce,past
3198,OLDENZAAL,ITF,"WTT W50 - OLDENZAAL, NETHERLANDS",2026,2026-08-24,2026-08-30,Clay,O,,NED,32,16,40000,USD,Nastasja Schunk,past
4537,MONASTIR 30,ITF,"WTT W15 - MONASTIR 30, TUNISIA",2026,2026-08-24,2026-08-30,Hard,O,,TUN,32,16,15000,USD,Sofia Rojas,past
4738,TIANJIN 4,ITF,"WTT W15 - TIANJIN 4, CHINA",2026,2026-08-24,2026-08-30,Hard,O,,CHN,32,16,15000,USD,Han Shi,past
4770,KURSUMLIJSKA BANJA 16,ITF,"WTT W50- KURSUMLIJSKA BANJA 16, SERBIA",2026,2026-08-24,2026-08-30,Clay,O,,SRB,32,16,40000,USD,Samira De Stefano,past
4898,VERBIER 2,ITF,"WTT W35 - VERBIER 2, SWITZERLAND",2026,2026-08-24,2026-08-30,Clay,O,,SUI,32,16,30000,USD,Anastasija Cvetkovic,past
4941,TORELLO,ITF,"WTT W15 - TORELLO, SPAIN",2026,2026-08-24,2026-08-30,Hard,O,,ESP,32,16,15000,USD,Anne Christine Lutkemeyer Obregon,past
4985,HURGHADA 8,ITF,"WTT W15 - HURGHADA 8, EGYPT",2026,2026-08-24,2026-08-30,Hard,O,,EGY,32,16,15000,USD,Dune Vaissaud,past
905,US OPEN,Grand Slam,"US Open - New York, NY, USA",2026,2026-08-30,2026-09-13,Hard,O,NEW YORK,USA,128,64,48980000,USD,Elena Rybakina,past
308,PECS,ITF,"WTT W15 - PECS, HUNGARY",2026,2026-08-31,2026-09-06,Clay,O,,HUN,32,16,15000,USD,Enola Chiesa,past
2603,BADALONA,ITF,"WTT W15 - BADALONA, SPAIN",2026,2026-08-31,2026-09-06,Clay,O,,ESP,32,16,15000,USD,Ashley Lahey,past
3199,YEONGWOL,ITF,"WTT W15 - YEONGWOL, KOREA",2026,2026-08-31,2026-09-06,Hard,O,,KOR,32,16,15000,USD,Naho Sato,past
4336,HAREN,ITF,"WTT W15 - HAREN, NETHERLANDS",2026,2026-08-31,2026-09-06,Clay,O,,NED,32,16,15000,USD,Charlotte Van Zonneveld,past
4433,GRODZISK MAZOWIECKI,ITF,"WTT W15 - GRODZISK MAZOWIECKI, POLAND",2026,2026-08-31,2026-09-06,Hard,O,,POL,32,16,15000,USD,Kateryna Lazarenko,past
4485,SAINT PALAIS SUR MER,ITF,"WTT W50 - SAINT PALAIS SUR MER, FRANCE",2026,2026-08-31,2026-09-06,Clay,O,,FRA,32,16,40000,USD,Fiona Ferro,past
4540,MONASTIR 31,ITF,"WTT W15 - MONASTIR 31, TUNISIA",2026,2026-08-31,2026-09-06,Hard,O,,TUN,32,16,15000,USD,Carolyn Ansari,past
4640,BRASOV 2,ITF,"WTT W15 - BRASOV 2, ROMANIA",2026,2026-08-31,2026-09-06,Clay,O,,ROU,32,16,15000,USD,Alesia Breaz,past
4766,FIANO ROMANO,ITF,"WTT W15 - FIANO ROMANO, ITALY",2026,2026-08-31,2026-09-06,Clay,O,,ITA,32,16,15000,USD,,past
4771,LUJAN,ITF,"WTT W15 - LUJAN, ARGENTINA",2026,2026-08-31,2026-09-06,Clay,O,,ARG,32,16,15000,USD,Victoria Bosio,past
4816,KURSUMLIJSKA BANJA 17,ITF,"WTT W35 - KURSUMLIJSKA BANJA 17, SERBIA",2026,2026-08-31,2026-09-06,Clay,O,,SRB,32,16,30000,USD,Ksenia Zaytseva,past
4826,LLEIRIA,ITF,"WTT W50 - LEIRIA, PORTUGAL",2026,2026-08-31,2026-09-06,Hard,O,,POR,32,16,40000,USD,Hannah Klugman,past
4915,CAP D'AGDE,ITF,"WTT W15 - CAP D'AGDE, FRANCE",2026,2026-08-31,2026-09-06,Clay,O,,FRA,32,16,15000,USD,Jahnie Van Zyl,past
4986,TIANJIN 5,ITF,"WTT W75 - TIANJIN 5, CHINA",2026,2026-08-31,2026-09-06,Hard,O,,CHN,32,16,60000,USD,Joanna Garland,past
4987,PORTO VELHO,ITF,"WTT W15 - PORTO VELHO, BRAZIL",2026,2026-08-31,2026-09-06,Hard,O,,BRA,32,16,15000,USD,Ana Sofia Sánchez,past
4988,HURGHADA 9,ITF,"WTT W15 - HURGHADA 9, EGYPT",2026,2026-08-31,2026-09-06,Hard,O,,EGY,32,16,15000,USD,Yasmin Ezzat,past
1112,MONTREUX 125,WTA 125,"Montreux Nestlé Open - Montreux, SUI",2026,2026-09-07,2026-09-13,Clay,O,MONTREUX,SUI,32,8,115000,USD,Fiona Ferro,past
1173,ANTALYA 125 (ATIK),WTA 125,"ATIK Antalya Open - Antalya, TUR",2026,2026-09-07,2026-09-13,Clay,O,ANTALYA,TUR,32,16,115000,USD,Rositsa Dencheva,past
2093,BARRANQUILLA 125,WTA 125,"Kia Open - Barranquilla, COL",2026,2026-09-07,2026-09-13,Hard,O,BARRANQUILLA,COL,32,8,115000,USD,Claire Liu,past
2360,EVORA,ITF,"WTT W50 - EVORA, PORTUGAL",2026,2026-09-07,2026-09-13,Hard,O,,POR,32,16,40000,USD,Matilde Jorge,past
4209,GUIYANG,ITF,"WTT W50 - GUIYANG, CHINA",2026,2026-09-07,2026-09-13,Hard,O,,CHN,32,16,40000,USD,Alexandra Shubladze,past
2075,GUADALAJARA 500,WTA 500,"Guadalajara Open presentado por Santander - Guadalajara, MEX",2026,2026-09-13,2026-09-19,Hard,O,GUADALAJARA,MEX,28,16,1206446,USD,,past
1136,CALDAS DA RAINHA 125,WTA 125,"Caldas da Rainha Ladies Open - Caldas Da Rainha, POR",2026,2026-09-14,2026-09-20,Hard,O,CALDAS DA RAINHA,POR,32,16,115000,USD,,past
1139,SAO PAULO,WTA 250,"SP Open - Sao Paulo, BRA",2026,2026-09-14,2026-09-20,Hard,O,SAO PAULO,BRA,32,16,283347,USD,,past
2044,LJUBLJANA 125,WTA 125,"Zavarovalnica Triglav Ljubljana - Ljubljana, SLO",2026,2026-09-14,2026-09-20,Clay,O,LJUBLJANA,SLO,32,16,115000,USD,,past
2061,VALENCIA 125,WTA 125,"BBVA Open Internacional de Valencia - Valencia, ESP",2026,2026-09-14,2026-09-20,Clay,O,VALENCIA,ESP,32,8,115000,USD,,past
1024,SEOUL,WTA 250,"Korea Open - Seoul, KOR",2026,2026-09-21,2026-09-27,Hard,O,SEOUL,KOR,32,16,283347,USD,,inProgress
1133,TOLENTINO 125,WTA 125,"Delta Motors Tolentino Open - Tolentino, ITA",2026,2026-09-21,2026-09-27,Clay,O,TOLENTINO,ITA,32,16,115000,USD,,live
1135,PORTO 125,WTA 125,"Eupago Porto Open - Porto, POR",2026,2026-09-21,2026-09-27,Hard,O,PORTO,POR,32,16,115000,USD,,inProgress
1152,SINGAPORE,WTA 500,"Singapore Tennis Open presented by BNP Paribas - Singapore, SIN",2026,2026-09-21,2026-09-27,Hard,I,SINGAPORE,SIN,28,16,1206446,USD,,inProgress
1178,ANKARA 125,WTA 125,"Turk Telekom Ankara Open - Ankara, TUR",2026,2026-09-21,2026-09-27,Hard,O,ANKARA,TUR,32,16,115000,USD,,live
1143,JINGSHAN 125,WTA 125,"Jingshan Tennis Open - Jingshan, CHN",2026,2026-09-28,2026-10-04,Hard,O,JINGSHAN,CHN,32,16,115000,USD,,future
1179,ADANA 125,WTA 125,"Adana Open - Adana, TUR",2026,2026-09-28,2026-10-04,Hard,O,ADANA,TUR,32,16,115000,USD,,future
1020,BEIJING,WTA 1000,"China Open - Beijing, CHN",2026,2026-09-30,2026-10-11,Hard,O,BEIJING,CHN,96,32,9415725,USD,,future
1147,SUZHOU 125,WTA 125,"Suzhou Open - Suzhou, CHN",2026,2026-10-05,2026-10-11,Hard,O,SUZHOU,CHN,32,16,115000,USD,,future
1149,SAMSUN 125,WTA 125,"Samsun Open - Samsun, TUR",2026,2026-10-05,2026-10-11,Hard,O,SAMSUN,TUR,32,16,115000,USD,,future
1075,WUHAN,WTA 1000,"Wuhan Open - Wuhan, CHN",2026,2026-10-12,2026-10-18,Hard,O,WUHAN,CHN,56,28,4088211,USD,,future
1128,MALLORCA 125,WTA 125,"Vanda Pharmaceuticals Mallorca Women's Championships - Mallorca, ESP",2026,2026-10-12,2026-10-18,Clay,O,MALLORCA,ESP,32,8,115000,USD,,future
1140,ROVERETO 125,WTA 125,"RoveretOpen Città della Pace - Rovereto, ITA",2026,2026-10-12,2026-10-18,Hard,I,ROVERETO,ITA,32,16,115000,USD,,future
1168,LISBON 125,WTA 125,"Lisboa Belem Open - Lisbon, POR",2026,2026-10-12,2026-10-18,Clay,O,LISBON,POR,32,16,115000,USD,,future
405,OSAKA,WTA 250,"Kinoshita Group Japan Open - Osaka, JPN",2026,2026-10-19,2026-10-25,Hard,O,OSAKA,JPN,32,16,283347,USD,,future
1150,RIO DE JANEIRO 125,WTA 125,"Río Ladies Open by MundoTênis Tours  - Rio De Janeiro, BRA",2026,2026-10-19,2026-10-25,Clay,O,RIO DE JANEIRO,BRA,32,16,115000,USD,,future
2092,NINGBO,WTA 500,"Ningbo Open - Ningbo, CHN",2026,2026-10-19,2026-10-25,Hard,O,NINGBO,CHN,28,16,1206446,USD,,future
1023,GUANGZHOU,WTA 250,"Guangzhou Open - Guangzhou, CHN",2026,2026-10-26,2026-11-01,Hard,O,GUANGZHOU,CHN,32,16,283347,USD,,future
1056,TOKYO,WTA 500,"Toray Pan Pacific Open Tennis - Tokyo, JPN",2026,2026-10-26,2026-11-01,Hard,O,TOKYO,JPN,28,16,1206446,USD,,future
1145,QUERETARO 125,WTA 125,"Queretaro Open - Queretaro, MEX",2026,2026-10-26,2026-11-01,Clay,O,QUERETARO,MEX,32,8,115000,USD,,future
1174,COURMAYEUR 125,WTA 125,"Valle D'Aosta Ladies Open - Courmayeur, ITA",2026,2026-10-26,2026-11-01,Hard,I,COURMAYEUR,ITA,32,8,115000,USD,,future
1180,CURITIBA 125,WTA 125,"Curitiba Open - Curitiba, BRA",2026,2026-10-26,2026-11-01,Clay,O,CURITIBA,BRA,32,8,115000,USD,,future
1074,HONG KONG,WTA 250,"Prudential Hong Kong Tennis Open - Hong Kong, China",2026,2026-11-02,2026-11-08,Hard,O,HONG KONG,HKG,32,16,283347,USD,,future
1110,CALI 125,WTA 125,"Cali Open - Cali, COL",2026,2026-11-02,2026-11-07,Clay,O,CALI,COL,32,8,115000,USD,,future
1148,CHENNAI,WTA 250,"Chennai Open - Chennai, IND",2026,2026-11-02,2026-11-08,Hard,O,CHENNAI,IND,32,16,283347,USD,,future
1169,MIAMI 125,WTA 125,"American Tennis Open Miami - Miami, FL, USA",2026,2026-11-02,2026-11-08,Hard,O,MIAMI,USA,32,16,125000,USD,,future
1176,LUANDA 125,WTA 125,"Angola Ladies Open - Angola, ANG",2026,2026-11-02,2026-11-08,Hard,O,LUANDA,ANG,32,16,115000,USD,,future
808,WTA FINALS,Finals,WTA Finals Indian Wells,2026,2026-11-08,2026-11-15,Hard,O,INDIAN WELLS,USA,8,8,0,USD,,future
1181,SOPO 125,WTA 125,"Cundinamarca Open - Sopo, COL",2026,2026-11-09,2026-11-14,Clay,O,SOPO,COL,32,8,115000,USD,,future
2076,COLINA 125,WTA 125,"LP Open by IND - Colina, CHI",2026,2026-11-16,2026-11-22,Clay,O,COLINA,CHI,32,8,115000,USD,,future
2052,BUENOS AIRES 125,WTA 125,"IEB+ Argentina Open - Buenos Aires, ARG",2026,2026-11-23,2026-11-29,Clay,O,BUENOS AIRES,ARG,32,8,115000,USD,,future
1118,QUITO 125,WTA 125,"Quito Open - Quito, ECU",2026,2026-11-30,2026-12-06,Clay,O,QUITO,ECU,32,8,115000,USD,,future
2056,ANGERS 125,WTA 125,"Open Angers Loire Trélazé - Angers, FRA",2026,2026-11-30,2026-12-06,Hard,I,ANGERS,FRA,32,8,115000,USD,,future
1072,LIMOGES 125,WTA 125,"Open BLS de Limoges - Limoges, FRA",2026,2026-12-14,2026-12-20,Hard,I,LIMOGES,FRA,32,8,115000,USD,,future
