year,canonical_match_key,source_match_key
2024,2024-0422_287,2024_49_cincinnati_western_southern_financial_group_masters_2024-08-17_R16_draper_j_auger_aliassime_f
2024,2024-6242_264,2024_50_winston_salem_winston_salem_open_at_wake_forest_university_2024-08-19_R64_o_connell_c_kirchheimer_s
2023,2023-7694_275,2023_30_lyon_lyon_open_2023-05-21_R32_varillas_j_p_ramos_vinolas_a
2021,2021-0404_188,2021_54_indian_wells_bnp_paribas_open_2021-10-08_R128_ramos_vinolas_a_musetti_l
2019,2019-0360_280,2019_22_marrakech_grand_prix_hassan_ii_2019-04-08_R32_tsonga_j_w_stebe_c_m
2019,2019-0316_271,2019_40_bastad_skistar_swedish_open_2019-07-16_R32_ramos_vinolas_a_lestienne_c
2018,2018-M020_278,2018_1_brisbane_brisbane_international_2017-12-31_R32_dolgopolov_o_schwartzman_d
2018,2018-M020_290,2018_1_brisbane_brisbane_international_2018-01-03_R16_dolgopolov_o_zeballos_h
2018,2018-M020_296,2018_1_brisbane_brisbane_international_2018-01-05_QF_kyrgios_n_dolgopolov_o
2016,2016-7290_271,2016_26_estoril_millenium_estoril_open_2016-04-26_R32_cervantes_i_munoz_de_la_nava_d
2016,2016-7290_286,2016_26_estoril_millenium_estoril_open_2016-04-27_R16_kyrgios_n_cervantes_i
2016,2016-540_149,2016_39_london_wimbledon_2016-06-28_R128_granollers_m_estrella_burgos_v
2016,2016-7163_278,2016_27_istanbul_istanbul_open_2016-04-25_R32_ramos_vinolas_a_mannarino_a
2016,2016-7163_290,2016_27_istanbul_istanbul_open_2016-04-27_R16_ramos_vinolas_a_khachanov_k
2016,2016-7163_296,2016_27_istanbul_istanbul_open_2016-04-29_QF_delbonis_f_ramos_vinolas_a
2015,2015-451_2,2015_3_doha_qatar_exxon_mobil_open_2015-01-06_R32_stakhovsky_s_ali_mutawa_j_m
2015,2015-301_2,2015_4_auckland_heineken_open_2015-01-13_R32_ramos_vinolas_a_lorenzi_p
2015,2015-301_14,2015_4_auckland_heineken_open_2015-01-14_R16_ramos_vinolas_a_lu_y_h
2015,2015-301_21,2015_4_auckland_heineken_open_2015-01-15_QF_pouille_l_ramos_vinolas_a
2012,2012-496_10,2012_14_marseille_open_13_2012-02-22_R32_dolgopolov_o_rosol_l
2012,2012-496_19,2012_14_marseille_open_13_2012-02-23_R16_llodra_m_dolgopolov_o
2012,2012-495_9,2012_18_dubai_dubai_tennis_championships_2012-02-28_R32_del_potro_j_m_dolgopolov_o
2012,2012-468_4,2012_27_estoril_estoril_open_2012-05-01_R32_navarro_pastor_i_gimeno_traver_d
2012,2012-468_15,2012_27_estoril_estoril_open_2012-05-02_R16_wawrinka_s_navarro_pastor_i
2012,2012-6116_3,2012_42_atlanta_bb_t_atlanta_open_2012-07-16_R32_sock_j_bogomolov_a
2012,2012-6242_16,2012_50_winston_salem_winston_salem_open_at_wake_forest_university_2012-08-19_R64_bogomolov_a_jaziri_m
2012,2012-6242_28,2012_50_winston_salem_winston_salem_open_at_wake_forest_university_2012-08-21_R32_dolgopolov_o_lu_y_h
2012,2012-6242_32,2012_50_winston_salem_winston_salem_open_at_wake_forest_university_2012-08-21_R32_berdych_t_bogomolov_a
2012,2012-6242_17,2012_50_winston_salem_winston_salem_open_at_wake_forest_university_2012-08-22_R32_tsonga_j_w_bellucci_t
2012,2012-6242_38,2012_50_winston_salem_winston_salem_open_at_wake_forest_university_2012-08-22_R16_dolgopolov_o_nalbandian_d
2012,2012-6242_33,2012_50_winston_salem_winston_salem_open_at_wake_forest_university_2012-08-22_R16_tsonga_j_w_stakhovsky_s
2012,2012-6242_43,2012_50_winston_salem_winston_salem_open_at_wake_forest_university_2012-08-23_QF_querrey_s_dolgopolov_o
2012,2012-6242_45,2012_50_winston_salem_winston_salem_open_at_wake_forest_university_2012-08-24_SF_isner_j_tsonga_j_w
2012,2012-6003_1,2012_55_kuala_lumpur_malaysian_open_2012-09-26_R32_bogomolov_a_inglot_d
2012,2012-6003_15,2012_55_kuala_lumpur_malaysian_open_2012-09-27_R16_falla_a_dolgopolov_o
2011,2011-451_22,2011_3_doha_qatar_exxon_mobil_open_2011-01-05_R16_tsonga_j_w_bubka_s
2011,2011-505_10,2011_8_santiago_movistar_open_2011-01-31_R32_ramos_vinolas_a_mayer_l
2011,2011-533_18,2011_10_costa_do_sauipe_brasil_open_2011-02-09_R16_dolgopolov_o_ramirez_hidalgo_r
2011,2011-573_8,2011_63_valencia_valencia_open_500_2011-11-02_R32_bogomolov_a_lopez_f
2011,2011-605_6,2011_65_london_masters_cup_2011-11-20_RR_federer_r_tsonga_j_w
2011,2011-605_8,2011_65_london_masters_cup_2011-11-27_F_federer_r_tsonga_j_w
